261.189,-242.57,1227.14,261.189,-242.57,1227.14,0,0,0,0,-400
199.894,-187.994,1249.46,215.218,-201.638,1243.88,0,0,0,0,-400
193.681,-171.414,1269.24,199.848,-181.815,1259.21,0,0,0,0,-400
209.461,-164.746,1282.08,200.602,-170.814,1271.2,0,0,0,0,-400
223.972,-165.123,1292.03,206.543,-165.426,1280.98,0,0,0,0,-400
237.334,-168.893,1296.61,214.41,-163.577,1288.11,0,0,0,0,-400
248.902,-175.83,1298.72,222.764,-164.394,1293.21,0,0,0,0,-400
256.583,-179.069,1297.48,230.454,-165.867,1296.36,0,0,0,0,-400
260.907,-183.362,1295.3,237.001,-167.95,1298.09,0,0,0,0,-400
270.764,-179.189,1294.76,243.827,-168.811,1299.2,0,0,0,0,-400
269.802,-179.846,1298.05,248.96,-169.651,1300.57,0,0,0,0,-400
271.017,-178.09,1298.11,253.219,-170.083,1301.6,0,0,0,0,-400
274.424,-178.7,1297.59,257.156,-170.558,1302.31,0,0,0,0,-400
275.02,-179.951,1296.53,260.459,-171.15,1302.7,0,0,0,0,-400
276.998,-185.841,1294.66,263.45,-172.427,1302.76,0,0,0,0,-400
274.019,-192.514,1295.13,265.939,-170.055,1307.6,0,0,0,0,-400
272.052,-193.956,1295.54,273.974,-173.307,1310.07,0,0,0,0,-400
270.73,-192.474,1296.27,281.5,-177.503,1310.57,0,0,0,0,-400
267.851,-193.187,1298.49,286.132,-181.958,1310.13,0,0,0,0,-400
111.002,-331.446,1424.22,268.523,-203.704,1325.01,26.4641,18.3076,23.5654,68.337,-400
30.6781,-439.2,1494.91,239.561,-237.919,1348.19,26.203,17.4931,21.7222,65.4184,-400
-8.38649,-494.11,1522.13,205.257,-277.044,1374,26.8227,27.5433,24.0255,78.3915,-400
-29.5871,-523.833,1535.71,168.638,-318.139,1400.92,30.0056,40.6173,29.9182,100.541,-50
-43.4991,-537.224,1541.83,131.178,-358.886,1428,37.585,54.8302,37.8957,130.311,-50
-52.3997,-544.246,1544.16,92.9089,-399.483,1454.46,48.8144,69.7114,46.9644,165.49,-50
-58.2773,-549.941,1544.06,55.6455,-439.095,1479.48,62.1581,84.9148,56.4597,203.533,-50
-62.0402,-552.871,1541.89,19.3748,-477.647,1503.21,76.553,100.194,66.01,242.757,-50
-64.7256,-553.747,1542.74,-16.0345,-514.554,1526.1,91.3489,115.236,75.3892,281.974,-50
-66.4357,-553.683,1541.81,-50.0881,-549.618,1547.98,106.066,129.762,84.3885,320.216,-50
-67.2388,-551.843,1540.38,-82.8476,-582.047,1568.87,120.326,143.381,92.8413,356.548,-50
-68.469,-551.231,1538.58,-113.795,-611.687,1588.68,133.813,155.775,100.614,390.202,-50
-68.0184,-548.732,1536.23,-142.587,-639.252,1607.25,146.223,166.7,107.538,420.461,-50
-69.8065,-550.029,1533.56,-169.586,-665.691,1624.44,157.297,176.011,113.429,446.736,-50
-72.5024,-551.653,1530.34,-194.789,-690.785,1639.94,166.801,183.515,118.072,468.388,-50
-78.6399,-550.584,1526.64,-199.555,-697.068,1638.32,173.014,187.697,120.082,480.792,-50
-83.8331,-548.72,1520.72,-194.714,-689.449,1627.25,175.504,187.489,119.384,482.377,-50
-87.1592,-546.96,1514.28,-185.901,-675.454,1612.72,173.845,183.096,115.936,472.877,-50
-89.3806,-547.315,1505.77,-175.564,-658.972,1596.44,167.9,174.596,109.674,452.17,-50
-90.7323,-549.483,1499.08,-164.695,-642.511,1579.73,157.523,161.909,100.451,419.883,-50
-91.4293,-552.005,1495.09,-153.995,-627.038,1563.51,144.473,146.586,89.762,380.82,-50
-90.2386,-553.29,1493.28,-143.668,-612.607,1548.38,129.933,130.103,78.8132,338.849,-50
-80.7356,-555.328,1487.58,-132.97,-599.712,1534.1,114.676,113.401,68.4364,296.514,-50
-74.9162,-556.568,1485.13,-122.6,-588.519,1520.73,99.3028,97.2382,59.4771,256.018,-50
-71.0505,-554.045,1486.49,-112.984,-578.659,1509,84.3581,82.2076,52.7655,219.331,-50
-66.7202,-553.669,1484.41,-104.215,-570.612,1498.52,70.5238,69.0593,48.9468,188.53,-50
-69.1058,-551.413,1481.37,-97.1199,-563.939,1489.22,58.3944,58.5786,48.1277,165.101,-50
-71.8669,-550.518,1469.39,-91.9473,-559.049,1480,48.6827,51.5193,49.8808,150.083,-50
-70.274,-549.314,1447.03,-87.8353,-555.418,1469.59,42.1755,48.1619,53.4785,143.816,-50
-71.4125,-542.895,1419.71,-85.0331,-552.347,1457.49,39.1957,47.9718,58.1195,145.287,-400
-73.8839,-530.26,1387.92,-82.6061,-548.798,1442.72,39.2127,49.7341,63.1903,152.137,-50
-74.9306,-510.728,1352.72,-80.1748,-543.548,1424.9,40.8908,52.211,68.2393,161.341,-50
-78.761,-483.952,1321.15,-78.1981,-535.478,1404.56,42.748,54.4499,72.8702,170.068,-50
-81.5347,-453.138,1294,-76.5957,-523.776,1382.54,43.5552,55.6743,76.6783,175.908,-50
-85.0171,-425.008,1240.9,-75.5127,-508.641,1355.29,42.1815,55.0856,79.6378,176.905,-50
-88.9608,-395.465,1200.96,-75.047,-489.961,1324.33,39.4167,53.7319,83.0299,176.179,-50
-87.4958,-354.574,1175.03,-74.699,-466.555,1291.35,35.972,53.2422,87.6263,176.84,-400
-86.9463,-322.043,1153.97,-75.6003,-439.589,1257.56,32.1782,54.6978,93.5531,180.429,-50
-84.1678,-291.355,1138.64,-76.9112,-409.556,1223.34,28.2344,58.613,100.713,187.561,-50
-81.0479,-261.417,1126.68,-78.2977,-377.17,1188.7,24.28,64.9156,108.894,198.09,-50
-73.7308,-231.369,1117.37,-79.2524,-342.269,1154.47,20.4005,73.3159,117.751,211.467,-50
-64.9372,-207.106,1145.45,-78.7379,-305.964,1125.63,16.677,83.3672,126.453,226.497,-50
-57.3356,-189.667,1158.17,-76.9234,-269.065,1101.17,13.3065,94.5762,134.457,242.34,-50
-51.675,-179.782,1144.98,-74.6513,-232.648,1078.9,10.4139,106.432,141.533,258.379,-50
-43.9927,-169.984,1138.67,-71.3202,-197.399,1060.18,8.15271,118.483,147.306,273.942,-50
-37.4124,-163.199,1134.3,-66.9231,-164.47,1045.63,6.78803,130.223,151.419,288.43,-50
-29.034,-156.378,1131.19,-61.4337,-134.643,1035.59,6.51997,141.179,153.521,301.22,-50
-17.6552,-133.317,1143.43,-54.1506,-106.589,1031.33,7.43824,151.039,153.275,311.753,-50
-9.07062,-126.112,1159.02,-45.6404,-82.7185,1032.42,9.37165,159.311,150.516,319.199,-50
-4.76799,-124.569,1168.28,-36.4234,-63.1746,1041,11.9769,165.57,145.056,322.603,-50
-2.50084,-125.17,1175.09,-26.7516,-48.1555,1054.63,15.0518,169.472,137.036,321.559,-50
-1.44735,-125.872,1178.85,-17.5048,-38.8154,1070.78,18.3802,170.698,126.834,315.913,-50
-3.12802,-129.647,1182.07,-8.95562,-34.1344,1088.56,21.7803,169.148,114.873,305.801,-50
-1.18437,-129.731,1184.96,-0.927641,-33.0959,1107.03,25.1521,164.898,101.571,291.621,-50
-0.308708,-129.579,1188.27,6.39783,-35.3142,1125.66,28.3919,158.071,87.8978,274.361,-50
-1.55672,-137.403,1197.49,12.2294,-41.5674,1144.77,31.3289,148.806,74.9857,255.12,-50
-1.25259,-142.126,1203.24,16.6644,-50.4438,1159.16,33.855,137.505,63.9871,235.347,-50
-1.05543,-144.964,1204.5,19.9267,-60.6187,1170.42,35.8464,124.602,56.0103,216.459,-50
-1.13909,-145.752,1202.95,22.2811,-70.7256,1181.64,37.2289,110.596,52.0925,199.918,-50
-1.08371,-145.8,1200.74,23.5498,-80.5955,1191.88,37.92,95.9741,52.368,186.262,-50
-0.839679,-145.77,1200.54,23.9732,-89.812,1201.26,37.8801,81.348,55.6872,174.915,-50
-3.11659,-146.704,1197.11,23.0647,-98.5307,1209.32,37.1178,67.336,60.2351,164.689,-50
0.00191545,-146.473,1194.99,21.2479,-108.677,1214.44,35.6863,54.6838,64.6263,154.996,-50
2.93208,-145.558,1195.49,18.9458,-118.121,1216.78,33.6026,44.3135,67.9711,145.887,-50
3.04836,-143.386,1193.05,16.4076,-126.063,1217.14,30.9439,37.2623,69.7503,137.956,-50
4.41243,-152.028,1203.52,14.1025,-133.756,1217.74,27.8085,34.2306,69.8007,131.84,-50
5.44725,-159.167,1207.74,12.1466,-141.143,1218.29,24.3021,34.7952,68.0507,127.148,-50
7.29822,-170.354,1216.02,10.9879,-148.483,1219.49,20.6443,37.5954,64.6463,122.886,-50
6.42575,-176.313,1215.08,9.78863,-155.68,1220.25,17.0248,41.0447,59.7416,117.811,-50
7.538,-177.518,1212.09,8.9449,-162.259,1220.34,13.6313,44.1157,53.849,111.596,-50
10.2317,-173.694,1205.11,8.8951,-166.707,1218.6,10.6771,46.1729,47.3749,104.225,-50
11.7568,-179.914,1213.02,9.23334,-170.897,1217.35,8.29331,47.1393,40.6699,96.1025,-50
10.9164,-178.865,1212.85,9.63015,-174.219,1216.08,6.59949,47.0416,34.0345,87.6756,-50
10.5594,-178.926,1215.31,10.1631,-177.146,1215.55,5.69428,45.9863,27.7446,79.4252,-400
10.7099,-179.693,1219.35,10.8471,-179.911,1216.04,5.43777,44.1346,22.0817,71.6541,-400
11.9289,-177.967,1220.51,11.7668,-182.229,1216.93,5.45111,41.7793,17.469,64.6994,-400
12.2244,-176.471,1218.83,13.0766,-184.048,1218.24,5.45665,39.1553,13.5192,58.1312,-400
10.9069,-177.763,1218.91,13.8248,-185.989,1219.97,5.33912,36.4505,9.94369,51.7333,-400
10.2973,-178.103,1216.88,14.1218,-188.039,1221.43,5.04351,33.7257,6.917,45.6862,-400
10.0194,-178.092,1215.23,14.3699,-190.307,1223,4.57053,31.0307,4.56046,40.1617,-400
11.8507,-182.705,1218.06,14.678,-192.02,1223.62,3.93906,28.3201,3.08977,35.3489,-400
13.5642,-177.105,1209.03,15.0711,-192.104,1222.59,3.27957,25.4976,2.5198,31.297,-400
14.4689,-173.613,1205.83,15.3526,-190.396,1220.23,2.73724,22.7186,2.3405,27.7964,-400
13.1517,-176.104,1211.68,15.5787,-188.434,1218.93,2.42904,20.0107,2.28582,24.7256,-400
12.7601,-178.19,1215.4,15.6159,-186.8,1218.61,2.36994,17.3129,2.24525,21.9281,-400
13.8008,-175.458,1211.37,15.4693,-185.465,1218.68,2.43654,14.694,2.22467,19.3552,-400
14.0174,-172.889,1207.09,15.1959,-183.157,1217.21,2.50545,12.1915,2.2594,16.9564,-400
16.7001,-173.968,1204.82,15.4198,-181.305,1215.52,2.54603,9.9467,2.39162,14.8843,-400
18.1266,-174.961,1203.75,15.8999,-179.742,1213.48,2.52667,8.11549,2.65026,13.2924,-400
20.7192,-174.606,1205.78,16.7135,-178.204,1211.3,2.44499,6.80942,3.0574,12.3118,-400
21.916,-174.585,1207.3,17.5365,-177.05,1209.32,2.34645,5.89459,3.61017,11.8512,-400
20.75,-174.147,1207.37,18.195,-176.18,1207.73,2.25131,5.42957,4.21564,11.8965,-400
20.3563,-174.014,1208.49,18.9831,-175.277,1206.42,2.17663,5.34207,4.82772,12.3464,-400
20.1813,-173.624,1207.79,19.8179,-174.44,1205.43,2.14427,5.53686,5.42011,13.1012,-400
20.2789,-175.81,1210.31,20.6882,-174.06,1205.11,2.17727,5.8664,5.93819,13.9819,-400
20.3366,-177.945,1213.07,21.3174,-173.508,1204.87,2.27058,6.23928,6.37728,14.8871,-400
20.333,-179.777,1216.21,21.7235,-174.014,1206.23,2.42483,6.51804,6.61299,15.5559,-400
20.2511,-181.01,1217.83,22.0044,-175.132,1208.13,2.57715,6.64118,6.62538,15.8437,-400
20.1288,-181.933,1218.11,22.4434,-176.014,1209.25,2.71657,6.5916,6.46269,15.7709,-400
20.0296,-182.013,1218.79,22.9123,-176.615,1209.96,2.84316,6.31333,6.09701,15.2535,-400
19.9962,-182.059,1219.2,23.2263,-177.565,1211.25,2.94762,5.7554,5.5543,14.2573,-400
16.902,-179.629,1220.71,23.0962,-178.472,1213.23,3.00488,5.01424,5.01081,13.0299,-400
16.1668,-178.098,1221.56,22.5383,-178.99,1215.51,2.99366,4.2928,4.69753,11.984,-400
15.5504,-177.133,1220.29,21.7532,-179.221,1217.65,2.91982,3.6506,4.6012,11.1716,-400
15.1717,-176.082,1218.79,20.641,-179.329,1219.19,2.78553,3.07393,4.6497,10.5092,-400
17.5537,-178.562,1218.52,19.7507,-179.739,1220.39,2.60476,2.55989,4.79813,9.96279,-400
18.6783,-180.833,1218.56,19.2128,-180.469,1221.48,2.37157,2.31283,5.13729,9.82169,-400
19.2396,-178.757,1217.49,18.8493,-180.903,1222.2,2.1321,2.27913,5.58085,9.99208,-400
20.583,-180.409,1218.37,18.7303,-181.558,1223.04,1.91378,2.40924,6.08188,10.4049,-400
24.5327,-176.995,1218.2,19.1516,-181.452,1223.46,1.73784,2.56658,6.53417,10.8386,-400
26.5585,-175.98,1220.14,19.8455,-180.914,1223.72,1.59981,2.66885,6.87445,11.1431,-400
25.9105,-169.666,1213.18,20.4587,-179.346,1222.68,1.4919,2.66834,6.99484,11.1551,-400
25.3768,-165.292,1208.21,21.0145,-177.133,1220.85,1.42866,2.60879,6.87171,10.9092,-400
25.7165,-162.156,1205.42,21.6382,-174.493,1218.7,1.41096,2.60525,6.53024,10.5464,-400
29.2071,-159.762,1201.7,22.732,-171.639,1216.06,1.45441,2.82967,6.04861,10.3327,-400
30.2596,-160.221,1203.17,23.9525,-168.966,1213.66,1.57757,3.30879,5.48899,10.3753,-400
30.8063,-161.075,1203.13,25.6095,-166.843,1211.2,1.83764,3.99509,5.10226,10.935,-400
31.7488,-160.033,1203.18,27.4186,-164.885,1208.78,2.24818,4.80713,5.04676,12.1021,-400
31.4839,-160.079,1202.35,29.1922,-163.146,1206.58,2.77247,5.64725,5.28254,13.7023,-400
32.0176,-158.777,1200.31,30.988,-161.458,1204.44,3.38402,6.48067,5.76365,15.6283,-400
32.2413,-158.111,1200.08,32.4114,-159.459,1202.45,4.01687,7.31558,6.45788,17.7903,-400
31.0945,-156.904,1200.69,33.4675,-157.132,1200.65,4.62569,8.15502,7.28248,20.0632,-400
31.9893,-157.786,1199.72,34.5064,-155.313,1198.99,5.20464,8.93234,8.13655,22.2735,-400
32.3664,-157.432,1198.86,35.366,-153.36,1197.23,5.72204,9.66019,8.95584,24.3381,-400
32.4625,-156.899,1196.96,35.6953,-151.885,1195.37,6.10948,10.2907,9.71021,26.1104,-400
32.6316,-156.557,1195.62,35.7778,-150.578,1193.21,6.34927,10.791,10.4014,27.5417,-400
29.7019,-165.468,1184.63,35.564,-151.274,1190.63,6.43607,10.9848,11.0359,28.4567,-400
31.1971,-160.445,1188.88,35.6176,-151.836,1189.32,6.39631,10.9172,11.4902,28.8037,-400
34.3927,-166.517,1205.33,36.0383,-153.518,1190.52,6.25882,10.5108,11.5549,28.3245,-400
33.329,-170.929,1213.39,35.8742,-155.958,1193.17,6.02363,9.80672,11.2028,27.0331,-400
33.2871,-167.118,1208.57,35.5963,-157.702,1194.88,5.7107,8.8838,10.5248,25.1193,-400
33.2691,-163.805,1205.45,35.294,-158.796,1196.09,5.31505,7.86695,9.65823,22.8402,-400
29.618,-163.311,1205.28,34.458,-159.867,1197.18,4.81228,6.85064,8.69489,20.3578,-400
28.0125,-163.561,1206.53,33.5294,-160.875,1198.45,4.20948,5.93247,7.69024,17.8322,-400
26.9469,-162.513,1205.52,32.485,-161.823,1199.75,3.57151,5.20527,6.74462,15.5214,-400
26.361,-161.856,1205.05,31.4241,-162.665,1200.91,2.948,4.71366,5.88885,13.5505,-400
25.8816,-161.188,1204.12,30.5305,-163.453,1201.78,2.45943,4.44287,5.18853,12.0908,-400
27.5047,-166.444,1212.28,29.8106,-164.693,1203.72,2.20252,4.42765,4.76352,11.3937,-400
26.8123,-164.477,1208.56,29.0252,-165.584,1205.16,2.21978,4.60484,4.64069,11.4653,-400
26.3471,-162.485,1205.86,28.2273,-166.167,1206.36,2.45574,4.89401,4.79579,12.1455,-400
25.7604,-161.559,1205.41,27.3862,-166.563,1207.52,2.79191,5.22648,5.15573,13.1741,-400
27.2362,-166.697,1212.99,27.1604,-166.432,1210.9,3.09328,5.49512,5.85178,14.4402,-400
26.5894,-164.933,1210.9,26.6952,-166.694,1213.26,3.35635,5.67864,6.67308,15.7081,-400
26.1505,-163.492,1210.2,25.8207,-165.987,1213.3,3.59604,5.66435,7.31606,16.5764,-400
26.3083,-161.32,1208.3,25.1586,-164.494,1212.1,3.79702,5.40894,7.67784,16.8838,-400
26.2351,-159.882,1207.15,24.537,-163.381,1211.41,3.96149,4.90122,7.7894,16.6521,-400
25.8058,-160.33,1207.63,23.9048,-162.797,1211.21,4.10399,4.32141,7.60028,16.0257,-400
25.5884,-160.97,1209.02,23.7388,-162.389,1211.2,4.16911,3.64358,7.13508,14.9478,-400
25.6142,-161.692,1210.67,23.7855,-162.068,1211.25,4.11237,3.01246,6.59572,13.7205,-400
24.5404,-159.377,1207.88,23.8194,-161.608,1211.07,3.97432,2.58036,6.13059,12.6853,-400
22.0206,-157.448,1205.43,23.5885,-161.015,1210.65,3.77709,2.31462,5.66193,11.7536,-400
22.7354,-157.073,1206.11,23.5076,-160.498,1210.45,3.50576,2.1718,5.16407,10.8416,-400
22.911,-156.793,1205.59,23.2343,-159.325,1209.18,3.22267,2.21927,4.61126,10.0532,-400
16.3933,-166.74,1178.37,22.2058,-159.761,1204.96,2.98892,2.29526,4.13144,9.41562,-400
18.1172,-159.264,1187.97,21.4787,-159.506,1202.49,2.80764,2.42524,3.88317,9.11604,-400
19.0545,-158.103,1193.82,20.954,-159.256,1200.96,2.67417,2.57574,3.87887,9.12878,-400
17.1765,-164.358,1205.19,20.0159,-159.172,1200.09,2.613,2.7105,4.03802,9.36152,-400
18.8759,-169.73,1211.26,19.4044,-160.037,1200.41,2.57994,2.74362,4.28561,9.60918,-400
19.701,-172.636,1214.37,18.9535,-161.428,1201.24,2.56846,2.66887,4.50437,9.7417,-400
20.0703,-173.752,1215.02,18.5273,-163.16,1202.35,2.57958,2.53544,4.65923,9.77424,-400
20.2148,-173.995,1214.89,18.1255,-165.021,1203.56,2.61637,2.42501,4.74996,9.79134,-400
20.2577,-171.355,1212.71,17.7782,-166.405,1204.41,2.6212,2.4227,4.73524,9.77913,-400
23.2158,-168.885,1211.85,17.847,-167.329,1204.96,2.58198,2.48482,4.55322,9.62002,-400
19.6678,-171.643,1199.83,17.4549,-168.473,1203.75,2.57749,2.72052,4.34895,9.64696,-400
17.6523,-173.132,1193.68,16.9573,-170.048,1202.17,2.59936,3.17074,4.2337,10.0038,-400
22.473,-171.338,1203.45,17.4171,-171.56,1202.22,2.57678,3.7205,4.10599,10.4033,-400
24.3886,-173.235,1207.38,18.0156,-173.285,1202.72,2.52221,4.33691,3.9215,10.7806,-400
21.425,-174.196,1198.6,18.1818,-175.055,1202.11,2.43719,4.99364,3.6974,11.1282,-400
18.81,-177.194,1190.32,18.8113,-175.862,1203.84,2.29419,5.57069,3.36363,11.2285,-400
19.3555,-175.118,1197.63,19.2416,-177.304,1205.14,2.1036,6.13051,2.98272,11.2168,-400
19.7997,-174.283,1200.4,19.573,-178.702,1205.96,1.893,6.64838,2.60097,11.1423,-400
21.1416,-174.83,1201.58,20.2715,-179.283,1205.39,1.65726,7.04106,2.13,10.8283,-400
23.7983,-174.144,1203.6,21.0413,-179.057,1204.32,1.44747,7.20715,1.68694,10.3416,-400
25.1404,-173.932,1204.98,21.8273,-178.451,1203.08,1.40886,7.22705,1.6354,10.2713,-400
19.4868,-178.969,1180.56,21.7852,-178.399,1198.68,1.43612,7.10318,1.89171,10.431,-400
22.7901,-176.475,1190.52,22.1259,-178.035,1195.77,1.53097,6.80779,2.41777,10.7565,-400
24.8981,-178.067,1197.82,22.6968,-178.253,1194.22,1.70664,6.36335,2.99404,11.064,-400
28.2372,-181.714,1201.68,23.2856,-179.266,1193.34,1.91519,5.87854,3.56105,11.3548,-400
28.8848,-184.633,1203.8,24.3664,-180.286,1194.29,2.18314,5.40509,3.93385,11.5221,-400
29.3568,-186.667,1205.09,25.6962,-181.38,1196.12,2.51374,4.99384,4.1062,11.6138,-400
29.5423,-187.447,1204.71,26.3786,-182.808,1196.58,2.81142,4.69965,4.1951,11.7062,-400
29.5676,-187.701,1204.12,26.7933,-184.023,1196.46,3.0458,4.47139,4.22559,11.7428,-400
29.449,-187.888,1204.56,27.5451,-185.153,1197.5,3.27075,4.25751,4.14906,11.6773,-400
29.4114,-187.697,1203.47,28.6041,-185.856,1199.5,3.48168,4.04731,4.06908,11.5981,-400
29.6431,-189.139,1203.37,29.5811,-187.037,1200.54,3.64515,3.94412,4.04054,11.6298,-400
29.5401,-188.459,1202.53,30.4451,-188.248,1201.11,3.81002,3.9513,4.01555,11.7769,-400
29.6807,-188.988,1202.95,31.1287,-189.44,1201.55,3.96699,4.08619,3.98167,12.0349,-400
29.6345,-189.719,1204.54,31.4478,-190.771,1201.9,4.05205,4.3516,3.97586,12.3795,-400
30.5232,-188.597,1205.17,31.7066,-191.921,1202.11,4.10018,4.63905,3.90438,12.6436,-400
29.8145,-188.319,1204.41,32.5763,-192.344,1205.21,4.14844,4.91677,3.90918,12.9744,-400
29.4963,-188.032,1203.87,32.9448,-193.022,1206.75,4.14536,5.20925,3.97596,13.3306,-400
29.2491,-188.038,1203.76,33.0006,-193.473,1207.2,4.09987,5.45821,4.12201,13.6801,-400
29.2678,-188.27,1204.2,32.6314,-193.497,1207.15,3.99938,5.596,4.31772,13.9131,-400
29.1933,-188.174,1203.9,32.2054,-193.16,1206.78,3.85787,5.57689,4.52226,13.957,-400
29.0654,-188.065,1203.76,31.7528,-192.592,1206.29,3.61408,5.42498,4.70002,13.7391,-400
28.9661,-188.009,1203.65,31.2962,-191.982,1205.83,3.30059,5.11145,4.70362,13.1157,-400
29.9876,-187.108,1203.08,30.9936,-191.285,1205.38,2.94647,4.67433,4.52166,12.1425,-400
29.3446,-187.249,1202.56,30.6572,-190.645,1204.83,2.55351,4.19901,4.15357,10.9061,-400
30.1796,-187.414,1203.11,30.4808,-190.1,1204.55,2.19045,3.70238,3.76657,9.65939,-400
29.7061,-188.633,1203.42,30.2559,-189.591,1204.36,1.9089,3.20853,3.46658,8.58401,-400
29.1471,-188.479,1203.32,30.0152,-189.214,1204.28,1.65203,2.78102,3.13497,7.56802,-400
28.987,-188.267,1204.38,29.7754,-188.805,1204.27,1.39852,2.42533,2.69293,6.51678,-400
28.8003,-188.043,1203.24,29.5466,-188.345,1203.92,1.21005,2.16541,2.26539,5.64085,-400
28.9414,-189.051,1202.77,29.249,-188.232,1203.43,1.15156,1.95912,2.00766,5.11833,-400
29.0877,-188.47,1203.39,29.1146,-188.12,1203.23,1.18599,1.87055,1.82807,4.88461,-400
29.2561,-189.818,1203.57,29.0759,-188.269,1203.19,1.25697,1.86916,1.68495,4.81108,-400
29.3802,-190.617,1204.16,29.1054,-188.557,1203.27,1.32171,1.90935,1.56647,4.79753,-400
30.2404,-188.77,1202.59,29.2475,-188.594,1203.1,1.3618,1.96327,1.47908,4.80415,-400
30.5539,-187.277,1200.8,29.4365,-188.465,1202.74,1.37452,1.99018,1.42823,4.79293,-400
31.7394,-182.623,1197.24,29.7876,-187.76,1201.95,1.31398,2.01849,1.55132,4.88379,-400
30.6025,-177.065,1193.82,29.9904,-186.373,1200.76,1.19469,2.07081,1.6848,4.95031,-400
30.8066,-177.385,1192.88,30.0825,-185.189,1199.56,1.03311,2.13282,1.84794,5.01387,-400
29.2727,-177.914,1191.53,30.0556,-184.096,1198.29,0.874762,2.22079,2.0748,5.17036,-400
30.8223,-177.306,1192.02,30.1247,-182.943,1197.06,0.730799,2.36807,2.36757,5.46644,-400
31.8344,-177.119,1193.44,30.3825,-181.652,1196.02,0.619168,2.60191,2.69315,5.91424,-400
32.2908,-177.903,1195.6,30.7601,-180.533,1195.32,0.569185,2.88711,2.99989,6.45618,-400
32.5861,-178.409,1196.28,31.1793,-179.55,1194.61,0.588041,3.20088,3.29266,7.08158,-400
29.6305,-179.702,1192.21,31.2219,-178.799,1193.56,0.634659,3.50705,3.6131,7.75481,-400
31.3473,-178.103,1191.06,31.4569,-177.751,1192.45,0.707397,3.83101,3.94419,8.4826,-400
32.1222,-177.086,1189.45,31.759,-176.696,1191.11,0.8045,4.16577,4.29819,9.26846,-400
34.3992,-176.59,1189.17,32.3183,-175.462,1189.76,0.941775,4.51662,4.65818,10.1166,-400
37.4207,-177.39,1191.66,33.2288,-174.299,1188.73,1.14564,4.87126,4.97863,10.9955,-400
38.6015,-179.845,1175.66,34.1492,-173.751,1185.89,1.39503,5.17229,5.45347,12.0208,-400
41.1893,-177.055,1160.2,35.3316,-173.071,1181.39,1.70003,5.41904,6.25189,13.371,-400
45.105,-174.06,1140.28,36.8305,-172.627,1174.93,2.08514,5.59291,7.54583,15.2239,-400
51.2339,-173.439,1132.93,39.2137,-172.808,1168.18,2.64556,5.63377,9.24009,17.5194,-400
60.8864,-171.594,1137.5,42.7267,-172.684,1162.36,3.48781,5.55316,11.0719,20.1128,-400
73.8076,-170.618,1133.67,47.9688,-172.349,1156.42,4.77398,5.37136,13.0034,23.1487,-400
87.7587,-172.055,1136.14,54.6143,-172.266,1150.94,6.55151,5.07239,14.9348,26.5588,-400
109.316,-167.8,1134.12,63.6642,-171.63,1145.23,8.99618,4.73259,16.8881,30.6169,-400
131.259,-166.024,1132.28,75.1531,-170.659,1139.22,12.2099,4.4445,18.8834,35.5378,-400
149.835,-163.993,1135.95,88.5742,-169.37,1133.85,16.1773,4.21909,20.8204,41.2169,-400
170.327,-165.449,1143.93,104.5,-168.129,1130.25,20.964,4.05274,22.5154,47.5321,-400
188.762,-168.769,1155.78,121.966,-167.536,1128.49,26.4794,3.90294,23.8288,54.2112,-400
208.139,-172.735,1167.73,141.144,-167.577,1128.57,32.6844,3.73993,24.6574,61.0817,-400
227.673,-174.725,1178.5,161.786,-167.898,1130.1,39.5101,3.53962,24.9494,67.9992,-400
246.986,-176.485,1189.28,183.705,-168.293,1132.7,46.8714,3.29976,24.7124,74.8835,-400
261.938,-177.201,1201.07,206.505,-168.428,1138.77,54.628,3.02253,23.8865,81.5371,-50
275.981,-179.646,1212.73,229.835,-169.204,1148.04,62.6393,2.72088,22.5585,87.9187,-50
286.415,-185.127,1221.67,253.022,-171.023,1160.55,70.7053,2.41554,21.0633,94.1842,-50
295.422,-190.273,1230.37,275.599,-173.52,1174.49,78.6176,2.26678,19.9922,100.877,-50
300.963,-192.407,1236.94,296.694,-176.43,1188.01,86.1183,2.46731,19.9281,108.514,-50
305.27,-196.219,1241.74,315.81,-179.831,1201.94,92.9282,3.08853,21.5012,117.518,-50
307.378,-199.027,1245,332.624,-183.272,1215.25,98.7917,4.04014,24.707,127.539,-50
307.974,-200.013,1246.47,346.105,-187.228,1228.26,103.402,5.26214,29.1476,137.812,-50
307.964,-200.703,1246.88,356.313,-191.305,1240.78,106.54,6.67072,34.2524,147.463,-50
307.818,-201.617,1245.98,363.843,-195.543,1251.93,108.087,8.22255,39.4981,155.808,-50
307.64,-202.052,1244.86,368.633,-199.42,1261.2,107.985,9.81807,44.4888,162.292,-50
303.137,-201.71,1245.27,370.555,-202.62,1268.4,106.168,11.3597,48.9278,166.455,-50
301.356,-201.337,1245,370.025,-205.095,1273.52,102.704,12.7584,52.5763,168.039,-50
300.273,-200.944,1243.7,367.282,-207.128,1276.7,97.7181,13.9677,55.23,166.916,-50
299.664,-200.056,1242.79,362.58,-208.699,1278.07,91.3413,14.935,56.7455,163.022,-50
297.567,-200.44,1242.46,356.439,-210.11,1277.76,83.8255,15.6436,57.0716,156.541,-50
296.027,-200.612,1242.05,349.174,-211.137,1275.94,75.3867,16.0886,56.206,147.681,-50
295.114,-200.704,1241.74,341.431,-211.426,1273.16,66.3268,16.2536,54.2022,136.783,-50
294.483,-200.63,1240.39,333.492,-211.047,1269.43,56.9907,16.1221,51.0932,124.206,-50
294.238,-200.479,1239.31,325.878,-210.42,1265.1,47.7993,15.6938,46.8834,110.376,-50
293.504,-200.214,1238.74,318.673,-209.345,1260.56,39.2557,14.9212,41.8396,96.0165,-50
293.013,-200.003,1238.17,312.162,-207.983,1256.02,32.0051,13.8334,36.2951,82.1336,-50
292.608,-199.816,1237.96,306.468,-206.61,1251.79,26.7863,12.5234,30.7173,70.0271,-400
292.012,-199.587,1237.23,301.553,-205.272,1247.97,24.2132,11.0691,25.4846,60.7669,-400
294.47,-199.402,1235.64,297.746,-203.965,1244.58,24.1205,9.53393,20.8162,54.4707,-400
293.864,-199.425,1235.37,294.554,-202.778,1241.8,25.5801,8.01133,17.136,50.7274,-400
293.007,-199.452,1235.3,292.401,-201.796,1239.4,27.4943,6.5554,14.7755,48.8253,-400
292.476,-199.461,1234.91,290.868,-201.001,1237.37,29.1423,5.3168,13.9334,48.3925,-400
292.037,-199.465,1234.94,289.781,-200.381,1235.85,30.1845,4.43039,14.3023,48.9172,-400
291.926,-199.499,1234.94,289.029,-199.992,1234.72,30.4769,4.0124,15.2106,49.6998,-400
291.591,-199.485,1235.11,288.696,-199.658,1233.87,29.9842,3.99375,16.1049,50.0828,-400
291.52,-198.883,1234.95,288.669,-199.32,1233.22,28.7688,4.18618,16.6855,49.6405,-400
291.47,-199.142,1235.16,288.811,-199.082,1232.76,26.9312,4.42496,16.8293,48.1855,-400
291.532,-199.341,1235.4,289.054,-198.931,1232.57,24.6027,4.6174,16.5068,45.7269,-400
291.829,-199.211,1234.96,289.351,-198.825,1232.5,21.94,4.71671,15.7539,42.4106,-400
293.98,-199.062,1233.64,289.978,-198.758,1232.34,19.079,4.68485,14.6534,38.4172,-400
292.967,-198.261,1232.41,290.472,-198.623,1232.09,16.1818,4.50695,13.3108,33.9995,-400
291.165,-198.586,1230.51,290.718,-198.562,1231.6,13.3693,4.20352,11.8114,29.3842,-400
289.161,-197.7,1227.22,290.718,-198.416,1230.78,10.7527,3.8211,10.2728,24.8466,-400
285.925,-194.135,1221.82,289.937,-197.833,1229.47,8.40217,3.39273,8.81036,20.6053,-400
279.568,-190.684,1215.76,288.391,-196.814,1227.42,6.39512,2.99315,7.54242,16.9307,-400
273.177,-186.745,1207.92,286.151,-195.313,1224.42,4.80718,2.71922,6.62692,14.1533,-400
263.271,-181.845,1201.02,282.751,-193.227,1220.66,3.83718,2.68045,6.22019,12.7378,-400
249.953,-179.148,1193.2,277.785,-190.865,1216,3.90424,2.93659,6.46943,13.3103,-400
233.615,-176.243,1184.98,270.88,-188.212,1210.42,5.17869,3.48251,7.40825,16.0695,-400
216.716,-174.335,1177.36,262.072,-185.414,1204.04,7.44875,4.2442,8.9335,20.6264,-400
200,-170.789,1166.33,251.432,-182.34,1196.47,10.5034,5.17317,10.994,26.6705,-400
181.647,-165.067,1155.29,238.823,-178.614,1187.74,14.3067,6.2887,13.5489,34.1443,-400
161.461,-161.021,1148.67,224.079,-174.486,1178.45,18.8804,7.57356,16.485,42.939,-400
141.332,-159.328,1138.16,207.271,-170.321,1168.23,24.228,8.96666,19.7749,52.9695,-400
117.705,-159.719,1132.22,187.81,-166.398,1157.82,30.4176,10.396,23.3063,64.12,-400
94.3672,-157.983,1128.3,166.255,-162.522,1147.49,37.4086,11.8324,26.9643,76.2054,-400
73.4089,-164.16,1130.62,143.108,-159.573,1138.14,45.0968,13.1547,30.5587,88.8102,-50
56.0893,-168.112,1130.51,118.942,-157.393,1129.59,53.3242,14.2901,33.9552,101.569,-50
43.5647,-169.72,1133.59,94.5764,-155.987,1122.5,61.8654,15.1837,36.9836,114.033,-50
33.6581,-171.027,1124.9,70.7671,-155.265,1115.39,70.4404,15.7993,39.6537,125.893,-50
27.67,-178.374,1122.51,48.0144,-156.028,1109.25,78.7825,16.0559,41.8681,136.706,-50
22.8684,-180.1,1130.31,26.881,-157.604,1105.24,86.6191,15.9371,43.4548,146.011,-50
17.0193,-183.489,1123.41,7.59167,-159.881,1101.47,93.7004,15.4484,44.4282,153.577,-50
14.9099,-185.48,1122.61,-9.08766,-162.667,1098.76,99.7707,14.639,44.7407,159.15,-50
14.7821,-186.673,1120.56,-22.9661,-165.7,1096.77,104.604,13.5818,44.3903,162.577,-50
14.1198,-188.833,1125.51,-34.2848,-169.289,1096.8,108.027,12.3725,43.3194,163.719,-50
16.0313,-189.672,1122.84,-42.6534,-173.492,1097.73,109.886,11.1771,41.5513,162.615,-50
16.7793,-189.203,1119.76,-48.1659,-177.876,1098.88,110.095,10.1993,39.1644,159.458,-50
16.4756,-187.98,1123.09,-51.149,-182.018,1101.51,108.645,9.65913,36.1823,154.486,-50
17.8479,-187.632,1122.42,-51.1385,-185.763,1104.43,105.525,9.69147,32.6956,147.912,-50
17.2074,-185.855,1120.23,-48.6415,-189.199,1107.16,100.785,10.3067,28.863,139.955,-50
17.1183,-184.486,1120.81,-44.0795,-191.386,1109.26,94.5362,11.2928,24.8774,130.706,-50
16.8678,-184.182,1123.34,-38.1032,-192.802,1111.31,86.9691,12.4164,20.8686,120.254,-50
17.5762,-185.327,1124.67,-31.3241,-193.979,1112.77,78.3241,13.5114,17.0677,108.903,-50
18.3586,-186.63,1123.59,-24.1448,-194.999,1114.85,68.9686,14.4566,13.6713,97.0964,-50
15.992,-188.704,1120.64,-17.5218,-195.232,1116.49,59.3064,15.108,10.9231,85.3375,-50
13.7381,-190.806,1122.41,-11.587,-195.461,1117.04,49.7614,15.4385,8.93641,74.1363,-400
14.6463,-188.062,1121.58,-5.776,-194.87,1118.1,40.7949,15.3891,7.8572,64.0412,-400
16.6131,-187.64,1120.56,-0.401081,-193.989,1118.86,32.9225,14.9588,7.54985,55.4311,-400
13.8942,-186.808,1119.49,3.73484,-192.893,1119.5,26.704,14.1526,7.81091,48.6674,-400
13.3967,-186.281,1134.44,7.0698,-191.529,1121.26,22.7006,13.0613,8.34216,44.104,-400
11.731,-185.113,1137.75,9.21084,-190.028,1123.6,21.0748,11.751,8.9324,41.7583,-400
13.3249,-185.97,1129.87,10.837,-188.843,1125.13,21.3183,10.3047,9.36993,40.9929,-400
11.8919,-185.538,1126.88,11.778,-187.902,1125.74,22.4311,8.79204,9.52145,40.7446,-400
11.0868,-184.006,1127.62,12.015,-186.943,1126.46,23.5803,7.2607,9.36674,40.2077,-400
9.2121,-185.101,1127.83,11.78,-186.495,1127.43,24.284,5.81851,9.03519,39.1377,-400
9.66558,-190.026,1132.15,11.4003,-186.951,1128.81,24.3324,4.60471,8.61626,37.5533,-400
9.34884,-186.114,1131.16,10.8708,-186.989,1129.66,23.6666,3.76002,8.07579,35.5024,-400
9.70894,-186.404,1134.03,10.2144,-186.977,1130.62,22.2992,3.33803,7.58678,33.224,-400
9.7086,-191.447,1133.31,9.42407,-187.512,1131.59,20.3568,3.22968,7.20269,30.7891,-400
11.2342,-194.759,1132.02,9.12192,-188.231,1132.72,18.0173,3.25965,6.935,28.212,-400
12.7996,-197.411,1129.9,9.29262,-189.042,1133.26,15.475,3.27499,6.68819,25.4382,-400
13.1336,-200.32,1122.44,9.38294,-190.573,1132.91,12.8898,3.23527,6.40903,22.5341,-400
9.93492,-197.288,1128.58,8.82177,-191.722,1133.46,10.3847,3.14916,6.12168,19.6555,-400
10.2404,-189.277,1124.7,8.67613,-191.903,1133.62,8.10733,2.98932,5.86983,16.9665,-400
10.2012,-183.239,1117.94,8.6026,-191.352,1130.99,6.07566,2.77493,5.49487,14.3455,-400
7.76014,-170.997,1116.78,8.42423,-189.367,1127.92,4.27703,2.47847,4.99364,11.7491,-400
7.19501,-156.742,1121,7.96987,-185.482,1126.56,2.83263,2.3411,4.50688,9.68061,-400
7.57566,-136.533,1121.89,7.75615,-179.168,1125.75,1.89424,2.97839,4.03295,8.90558,-400
8.81646,-121.381,1120.29,7.79524,-171.299,1124.68,1.45045,4.6393,3.59963,9.68939,-400
11.7035,-97.1397,1117.23,8.42264,-160.44,1123.26,1.36344,7.39212,3.41718,12.1727,-400
14.6533,-76.1947,1118.12,9.32758,-146.663,1121.49,1.36206,11.2205,3.60072,16.1833,-400
16.6678,-53.2254,1121.71,10.4774,-130.943,1120.41,1.34785,15.9787,3.95724,21.2838,-400
18.1857,-32.2902,1126.12,11.709,-113.083,1119.62,1.34229,21.6347,4.3643,27.3413,-400
19.0169,-12.5165,1131.78,12.9716,-92.7314,1119.72,1.44176,28.2227,4.72046,34.385,-400
18.8086,5.27299,1139.66,13.9482,-70.4818,1121.07,1.66429,35.6607,4.93907,42.264,-400
17.7708,21.9185,1148.18,14.5515,-46.6633,1123.78,1.94106,43.8207,4.98897,50.7507,-400
14.7494,37.8522,1158.29,14.6934,-21.4455,1128.68,2.19943,52.6064,4.96902,59.7748,-400
12.9095,48.1981,1166.89,14.9737,3.61364,1133.77,2.44495,61.7415,5.1255,69.3119,-400
10.399,55.0187,1176.19,14.8615,27.4173,1140.42,2.62613,70.8671,5.8133,79.3065,-400
10.0779,57.9376,1181.27,14.6981,49.7467,1148.29,2.74872,79.6852,7.28825,89.7222,-50
8.84647,59.6138,1185.65,14.6735,69.7051,1156.5,2.84309,87.8612,9.48001,100.184,-50
8.24709,60.3273,1187.85,14.6124,87.023,1164.1,2.90947,95.0586,12.0942,110.062,-50
9.26595,60.7171,1187.32,14.6098,101.04,1171.2,2.9266,100.973,14.9147,118.814,-50
9.83304,60.9339,1186.06,14.5026,112.533,1178.02,2.90221,105.446,17.8451,126.193,-50
9.23388,61.5587,1185.53,13.9527,120.563,1184.83,2.82418,108.25,20.8056,131.879,-50
8.06361,61.4044,1184.72,12.9049,125.674,1191.05,2.68644,109.276,23.6335,135.596,-50
7.4953,61.2082,1183.78,11.5861,127.778,1196.36,2.4921,108.466,26.2302,137.188,-50
6.30248,61.5866,1183.36,9.99628,127.41,1200.72,2.31351,105.869,28.5185,136.701,-50
6.51981,61.0839,1180.79,8.42154,124.806,1203.77,2.2494,101.502,30.378,134.129,-50
6.72116,60.8027,1178.17,6.98881,120.434,1205.28,2.40506,95.5483,31.6814,129.635,-50
6.86513,60.6949,1175.81,5.78421,114.632,1205.29,2.75388,88.2504,32.3156,123.32,-50
7.06181,60.334,1173.68,5.05003,107.615,1203.77,3.17894,79.8073,32.2332,115.219,-50
7.14587,60.0164,1171.89,4.61121,100.215,1201,3.59166,70.5062,31.3973,105.495,-50
6.21832,53.972,1172.15,4.40275,92.1901,1197.28,3.93526,60.7364,29.8371,94.5088,-50
6.41763,50.0192,1172.66,4.27939,84.3561,1193.27,4.18942,50.9449,27.6522,82.7866,-50
5.16541,47.9671,1174.32,4.17445,77.1017,1189.26,4.35761,41.6846,24.9788,71.0211,-400
5.41014,47.1818,1173.62,4.19933,70.6707,1185.21,4.45056,33.7045,22.0826,60.2377,-400
5.90277,46.2117,1171.61,4.17652,64.9994,1181.33,4.46499,27.7674,19.0653,51.2976,-400
6.17278,45.6207,1170.4,4.13488,60.0988,1177.82,4.42371,24.4934,16.2406,45.1577,-400
5.67442,45.4673,1169.49,4.11152,55.8713,1174.64,4.32919,23.9334,13.9815,42.2441,-400
5.38165,45.5308,1168.6,4.1878,52.3549,1171.81,4.16448,25.1967,12.5831,41.9443,-400
4.95843,42.6107,1165.6,4.25393,49.0666,1169.06,3.92664,27.1805,12.135,43.2421,-400
3.88667,40.744,1164.55,4.29412,45.9888,1166.57,3.59855,29.0958,12.5122,45.2066,-400
4.19226,38.4587,1162.12,4.30088,43.101,1164.39,3.16794,30.5128,13.42,47.1007,-400
5.32952,34.2639,1158.99,4.3849,40.0562,1162.41,2.65577,31.2846,14.5394,48.4797,-400
5.84597,31.5185,1156.63,4.47464,36.9616,1160.63,2.10939,31.3816,15.5908,49.0818,-400
5.22552,27.4046,1153.92,4.42942,33.613,1158.93,1.56477,30.8879,16.3998,48.8525,-400
5.8945,21.0027,1150.09,4.44214,29.679,1157.08,1.07565,29.9383,16.876,47.89,-400
7.09142,13.3378,1144.34,4.71565,25.7049,1154.53,0.6713,28.6628,17.0299,46.364,-400
7.14441,2.27275,1139.73,4.95017,20.9595,1151.41,0.393591,27.2487,16.9173,44.5595,-400
8.36838,-11.7807,1133.34,5.48424,14.8277,1147.34,0.345982,25.9422,16.6616,42.9498,-400
9.11232,-27.438,1127.5,6.05581,6.98619,1142.74,0.477298,25.0453,16.4052,41.9277,-400
10.2298,-44.9672,1121.22,6.67653,-2.72242,1137.71,0.672857,24.8224,16.288,41.7833,-400
11.071,-63.0374,1116.56,7.33535,-14.3467,1132.4,0.895269,25.5642,16.4283,42.8878,-400
10.194,-83.3771,1115.35,7.90779,-28.1614,1127.22,1.12026,27.444,16.8317,45.396,-400
11.6808,-98.9025,1110.44,8.67759,-43.4832,1121.68,1.36965,30.4272,17.5133,49.3101,-400
15.6667,-117.184,1103.3,9.9764,-60.2257,1115.8,1.70483,34.3887,18.4787,54.5722,-400
18.5502,-135.581,1098.81,11.7267,-78.4812,1109.66,2.15727,39.2081,19.6967,61.062,-400
19.0913,-152.958,1097.87,13.4318,-97.9987,1103.92,2.68088,44.7428,21.0518,68.4755,-400
21.2239,-168.536,1100.25,15.1928,-118.251,1099.09,3.25651,50.815,22.3978,76.4693,-400
22.7921,-181.965,1102.82,17.0142,-139.108,1095.08,3.87443,57.2586,23.6245,84.7575,-50
24.4393,-195.374,1098.57,19.0443,-160.361,1091.01,4.54108,63.9323,24.737,93.2104,-50
24.9831,-206.141,1099.44,20.9674,-181.359,1087.71,5.22216,70.6455,25.6559,101.524,-50
26.5314,-210.268,1102.33,22.8549,-201.073,1085.61,5.89863,77.1311,26.2725,109.302,-50
26.9813,-211.969,1105.52,24.7103,-218.798,1084.57,6.55975,83.1176,26.5181,116.195,-50
27.2773,-213.761,1108.07,26.3721,-234.257,1084.64,7.17706,88.3508,26.3269,121.855,-50
27.6733,-215.18,1110.1,27.9216,-247.314,1085.64,7.72715,92.6174,25.6629,126.007,-50
27.3937,-216.292,1111.15,29.2277,-257.826,1087.43,8.18546,95.7458,24.5172,128.448,-50
27.0418,-215.319,1111.62,30.3255,-265.604,1089.69,8.5479,97.5397,22.9499,129.038,-50
28.4069,-216.308,1109.33,31.6614,-270.785,1091.6,8.83152,97.8815,21.0494,127.762,-50
29.7298,-216.96,1106.82,32.9233,-274.1,1093.58,9.04481,96.7676,18.9273,124.74,-50
27.0981,-214.118,1108.83,33.2995,-274.878,1096.48,9.11926,94.1898,16.6624,119.971,-50
26.5712,-213.454,1110.12,33.2506,-273.551,1099.81,9.03684,90.211,14.3812,113.629,-50
25.5052,-213.068,1111.93,33.0251,-270.44,1103.16,8.79874,84.9466,12.2535,105.999,-50
25.0873,-211.891,1111.88,32.513,-265.804,1105.86,8.38635,78.5873,10.4266,97.4003,-50
24.8063,-211.357,1111.85,31.8207,-260.124,1107.95,7.80974,71.3185,9.12272,88.2509,-50
24.5652,-211.854,1112.24,30.9615,-253.639,1110.34,7.1183,63.3596,8.5906,79.0685,-400
24.4459,-211.721,1111.24,30.1011,-246.686,1112.21,6.37511,55.0021,8.81441,70.1917,-400
24.771,-211.542,1108.77,29.1718,-240.147,1113.15,5.59641,46.5964,9.4483,61.6411,-400
24.4561,-212.659,1109.72,28.24,-234.479,1113.62,4.81604,38.5048,10.1714,53.4922,-400
24.2887,-213.695,1111.35,27.3436,-229.608,1113.84,4.07866,31.177,10.8007,46.0564,-400
25.0315,-213.716,1111.7,26.5878,-225.391,1113.75,3.46254,25.2032,11.2058,39.8716,-400
25.0187,-214.242,1111.82,25.9543,-221.868,1113.49,3.0138,21.2158,11.3114,35.541,-400
24.9415,-214.565,1112.16,25.4378,-219.197,1113.19,2.77595,19.4958,11.1134,33.3852,-400
24.8466,-213.622,1112.19,24.8234,-216.871,1113.16,2.76619,19.6501,10.6465,33.0628,-400
25.6888,-212.205,1108.88,24.2431,-214.815,1112.99,2.92289,20.8085,9.95528,33.6867,-400
25.2973,-212.876,1107.57,24.0203,-213.664,1112.42,3.13994,22.1273,9.08452,34.3517,-400
25.368,-212.476,1109.22,23.9182,-212.898,1111.94,3.34788,23.1191,8.11366,34.5806,-400
26.4043,-213.071,1109.48,24.1209,-212.531,1111.34,3.49325,23.5549,7.09801,34.1462,-400
25.7592,-213.787,1108.94,24.3074,-212.6,1110.73,3.54576,23.3598,6.00126,32.9068,-400
26.4091,-214.978,1108.01,24.62,-213.014,1110.06,3.4657,22.5048,4.82213,30.7926,-400
27.4681,-213.584,1106.35,25.0935,-213.241,1109.2,3.28161,21.0925,3.71101,28.0851,-400
27.3042,-214.283,1107.86,25.546,-213.592,1108.75,3.02338,19.2273,2.81253,25.0632,-400
27.693,-214.12,1108.32,25.9862,-213.94,1108.71,2.70525,17.0347,2.23279,21.9727,-400
27.624,-213.409,1108.19,26.4338,-214.044,1108.56,2.35894,14.665,1.96366,18.9876,-400
27.5466,-212.502,1107.58,26.8657,-213.894,1108.14,2.01568,12.2524,1.94687,16.215,-400
26.018,-213.33,1104.49,26.9787,-213.846,1107.3,1.70751,9.93286,2.13917,13.7795,-400
25.5476,-211.871,1102.68,27.0177,-213.536,1106.25,1.44895,7.86048,2.39549,11.7049,-400
25.0957,-205.071,1105.36,26.9967,-212.314,1105.54,1.26432,6.1143,2.6221,10.0007,-400
23.4041,-195.487,1103.59,26.7534,-210.009,1104.64,1.1532,4.74194,2.83469,8.72983,-400
22.0148,-183.526,1106.68,26.211,-206.404,1104.62,1.0951,3.92758,2.95246,7.97514,-400
22.2927,-170.068,1102.95,25.7631,-201.101,1104.29,1.07226,4.08818,3.02878,8.18922,-400
22.9331,-153.742,1099.67,25.3967,-193.93,1103.33,1.06875,5.42997,3.12741,9.62613,-400
21.6647,-136.052,1102.55,24.748,-184.664,1102.75,1.08211,7.77746,3.21378,12.0733,-400
21.8897,-118.564,1104.51,24.2356,-173.402,1102.51,1.10756,10.9805,3.23603,15.3241,-400
21.7001,-100.861,1108.11,23.6392,-160.145,1102.85,1.1479,14.9861,3.16089,19.2949,-400
21.3602,-80.9669,1112.68,22.8964,-145.018,1103.97,1.23951,19.7457,2.99486,23.9801,-400
22.7484,-63.3119,1115.54,22.3935,-128.125,1105.23,1.36716,25.2264,2.76409,29.3576,-400
21.7656,-44.9597,1122.49,21.7471,-109.571,1107.28,1.55459,31.3817,2.53665,35.4729,-400
21.9784,-26.0453,1129.29,21.1774,-89.4263,1110.15,1.77643,38.1532,2.48819,42.4178,-400
21.4127,-11.3443,1136.19,20.5843,-68.3307,1113.88,2.02306,45.4035,2.89131,50.3178,-400
21.8003,1.20413,1144.01,20.2698,-46.4034,1118.86,2.25113,53.0202,3.93725,59.2085,-400
21.7947,14.8985,1152.12,20.0364,-23.842,1124.9,2.44507,60.8713,5.56034,68.8767,-400
21.7378,25.8381,1160.39,19.8712,-1.71279,1131.42,2.59373,68.726,7.59783,78.9176,-400
20.741,33.926,1169.05,19.8041,19.278,1138.99,2.68369,76.3294,10.0452,89.0583,-50
20.1545,41.5487,1175.87,19.836,38.8174,1146.74,2.70231,83.4414,12.7741,98.9178,-50
20.1673,45.397,1180.05,19.8286,56.3082,1155.19,2.66708,89.7828,15.7571,108.207,-50
18.3261,47.5389,1185.3,19.5,71.2742,1164.35,2.59762,95.0864,18.9657,116.65,-50
18.4321,48.6749,1186.48,19.3479,83.5542,1172.88,2.48026,99.1473,22.227,123.855,-50
15.9624,51.1709,1190.32,18.8457,93.5042,1181.26,2.35007,101.836,25.4554,129.641,-50
14.713,52.4502,1191.09,18.2124,101.09,1188.89,2.24475,103.055,28.5565,133.856,-50
15.4015,53.1444,1188.5,17.7154,106.11,1195.26,2.14693,102.744,31.3671,136.258,-50
13.7577,49.0481,1187.85,16.834,108.4,1200.87,2.08109,100.874,33.7822,136.737,-50
12.5842,45.4864,1187.45,15.9415,108.119,1205.28,2.08346,97.4827,35.7066,135.273,-50
11.7391,43.2268,1186.57,14.9284,105.54,1208.51,2.154,92.6518,37.0642,131.87,-50
10.6601,42.2287,1186.44,13.8674,101.523,1210.7,2.30156,86.5446,37.8189,126.665,-50
10.334,42.8349,1185.11,12.7435,96.6821,1211.66,2.53422,79.3677,37.9459,119.848,-50
9.06506,43.5886,1183.77,11.491,90.9963,1211.44,2.83079,71.3448,37.3909,111.567,-50
8.57147,44.3593,1182.48,10.2239,84.8986,1210.1,3.18615,62.7455,36.1593,102.091,-50
8.22742,44.4478,1181.52,9.08756,78.7073,1207.7,3.56546,53.8977,34.2788,91.7419,-50
8.53712,42.5447,1180.88,8.11411,72.2416,1204.6,3.94525,45.127,31.8121,80.8843,-50
8.65514,41.1607,1180.17,7.19641,66.0548,1201.19,4.3042,36.8645,28.8946,70.0634,-400
9.56408,40.2217,1177.97,6.66386,60.3844,1197.19,4.6025,29.6873,25.6679,59.9577,-400
10.8112,40.7965,1175.46,6.30296,55.4951,1193.13,4.82927,24.2071,22.2581,51.2944,-400
11.7999,39.3032,1172.04,6.39534,50.881,1188.56,4.95119,21.0163,18.9158,44.8833,-400
12.3268,38.3872,1170.43,6.70411,46.7181,1184.14,4.95854,20.2708,15.8776,41.1069,-400
13.8937,39.2675,1168.26,7.11023,43.2378,1180.19,4.85615,21.272,13.5329,39.6611,-400
12.4589,39.0943,1169.47,7.51002,40.8241,1176.9,4.67455,22.9561,12.2889,39.9196,-400
11.7073,38.3383,1169.51,7.92915,39.2183,1174.04,4.40255,24.5657,12.1792,41.1475,-400
12.2293,37.7428,1169.31,8.48288,38.1666,1171.6,4.06826,25.701,12.9447,42.714,-400
12.549,37.814,1169.18,9.16692,37.5152,1169.46,3.69016,26.1756,14.1248,43.9905,-400
11.6716,37.6142,1169.96,9.72055,36.9646,1167.85,3.26515,25.9527,15.3244,44.5423,-400
11.2279,37.3779,1169.92,10.318,36.4371,1166.61,2.84748,25.0943,16.3159,44.2576,-400
11.4213,33.8081,1167.88,10.9359,35.4601,1165.44,2.46402,23.744,16.9958,43.2038,-400
10.0986,31.3211,1166.22,11.3594,34.2448,1164.3,2.15589,22.0667,17.3233,41.5459,-400
9.94921,28.9016,1160.57,11.6637,33.0256,1162.6,1.9546,20.1771,17.3216,39.4532,-400
10.0539,22.3811,1153.43,11.9089,31.1863,1160.17,1.88081,18.1857,17.0571,37.1236,-400
12.2659,14.981,1143.21,12.2769,28.5652,1156.78,1.94147,16.2439,16.6321,34.8175,-400
12.1954,2.65579,1134.88,12.4291,24.3585,1152.76,2.06892,14.547,16.1543,32.7702,-400
12.6346,-13.0484,1126.93,12.4859,18.437,1148.25,2.19934,13.3377,15.7443,31.2814,-400
12.1086,-34.1575,1119.9,12.3927,10.083,1143.14,2.2864,13.0443,15.5242,30.8549,-400
10.7133,-54.611,1112.5,11.9119,-0.760004,1137.5,2.28522,14.0421,15.5812,31.9086,-400
9.23649,-76.4048,1107.35,11.4341,-14.0166,1131.21,2.20516,16.4748,16.0364,34.7164,-400
10.7315,-91.1358,1103.48,11.2563,-28.5929,1124.6,2.05805,20.096,16.9,39.054,-400
11.6929,-111.999,1094.99,11.1417,-45.2303,1117.15,1.87463,24.7798,18.2538,44.9083,-400
14.4998,-127.352,1088.4,11.3583,-63.21,1109.12,1.67922,30.3237,20.0614,52.0644,-400
18.0025,-146.305,1084.1,12.1368,-82.8959,1100.72,1.49862,36.6294,22.2299,60.358,-400
20.878,-164.794,1085.75,13.3246,-104.144,1092.86,1.3733,43.5914,24.5691,69.5337,-400
21.5933,-179.434,1087.53,14.5494,-125.968,1085.81,1.34704,51.01,26.9135,79.2705,-400
22.087,-194.226,1087.8,15.9715,-148.489,1079.29,1.48639,58.7439,29.1599,89.3902,-50
23.1446,-202.602,1090.76,17.5021,-170.835,1074.14,1.80058,66.5745,31.1516,99.5267,-50
23.7372,-209.649,1095.92,19.0432,-192.303,1070.76,2.22756,74.2536,32.7148,109.196,-50
23.6496,-213.561,1099.26,20.239,-212.404,1069.24,2.68414,81.5265,33.712,117.923,-50
23.9822,-215.521,1101.81,21.4424,-230.321,1069.13,3.16225,88.1238,34.0813,125.367,-50
24.3407,-217.048,1103.91,22.5867,-245.675,1070.26,3.64099,93.7796,33.7826,131.203,-50
25.3874,-216.654,1099.78,23.8807,-257.673,1071.65,4.13053,98.1858,32.8786,135.195,-50
26.4065,-217.612,1098.03,25.4128,-266.764,1073.6,4.64737,101.152,31.4216,137.221,-50
25.7556,-216.762,1097.85,26.9672,-272.725,1075.99,5.18749,102.507,29.4975,137.192,-50
25.6003,-218.025,1100.88,28.2312,-276.903,1079.01,5.70424,102.254,27.1721,135.131,-50
25.4845,-218.817,1103.25,29.2879,-278.595,1083.11,6.17161,100.368,24.5083,131.048,-50
25.9129,-216.982,1101.58,29.9853,-278.331,1087.45,6.55127,96.9392,21.6389,125.129,-50
25.9691,-217.451,1099.24,30.216,-276.103,1091.61,6.78773,92.097,18.7317,117.616,-50
24.717,-218.092,1102.89,29.9222,-272.158,1095.58,6.84436,86.0209,16.02,108.885,-50
23.7998,-218.483,1105.83,29.4461,-267.086,1099.26,6.73366,78.8475,13.764,99.3452,-50
23.6933,-218.191,1106.49,28.9361,-260.9,1102.57,6.45873,70.8186,12.3433,89.6207,-50
23.3079,-218.391,1105.58,28.2916,-254.582,1104.99,6.03585,62.176,11.9505,80.1623,-50
22.5398,-217.227,1104.67,27.5318,-248.167,1106.3,5.51343,53.2494,12.3975,71.1603,-400
20.975,-219.194,1102.56,26.6376,-242.483,1106.67,4.94168,44.449,13.2218,62.6125,-400
21.5778,-223.345,1103.59,25.8424,-238.026,1106.69,4.34712,36.1445,14.0567,54.5483,-400
21.9719,-223.542,1106.37,25.1146,-234.27,1106.68,3.7784,28.8466,14.6705,47.2955,-400
20.3111,-224.433,1103.5,24.1073,-231.462,1106.74,3.29403,23.1073,14.9335,41.3348,-400
20.0343,-223.614,1102.41,23.0253,-229.114,1106.8,2.96165,19.4712,14.8143,37.2472,-400
20.9217,-221.686,1101.56,22.2434,-227.225,1106.71,2.78143,18.1211,14.348,35.2505,-400
20.2277,-223.287,1099.16,21.4795,-225.921,1105.9,2.7781,18.4364,13.5648,34.7793,-400
19.5456,-224.725,1097.48,20.7278,-225.152,1104.6,2.93282,19.4272,12.5382,34.8982,-400
19.8028,-226.72,1094.59,20.0312,-225.249,1103.24,3.20334,20.3173,11.2861,34.8068,-400
19.6121,-227.395,1094.79,19.3654,-225.645,1102.3,3.52953,20.7507,9.86976,34.15,-400
19.9773,-227.62,1095.3,18.9533,-226.18,1101.05,3.82472,20.6257,8.32438,32.7748,-400
20.8044,-227.599,1095.18,18.7969,-226.794,1099.52,4.03114,19.8931,6.74374,30.668,-400
21.9149,-228.938,1094.94,18.8178,-227.683,1098,4.11882,18.6051,5.36598,28.0899,-400
22.5147,-229.622,1094.84,18.9743,-228.658,1096.71,4.08102,16.838,4.39003,25.309,-400
21.5772,-226.509,1099.69,19.1072,-229.365,1096.25,3.94027,14.7265,3.89803,22.5648,-400
22.6629,-224.723,1102.1,19.5741,-229.571,1096.4,3.71879,12.4337,3.82464,19.9771,-400
20.9757,-225.167,1101.69,19.7277,-229.311,1096.38,3.45044,10.0915,4.00752,17.5495,-400
21.8653,-227.556,1100.89,19.9372,-229.354,1095.92,3.13658,7.87429,4.27352,15.2844,-400
23.1575,-228.678,1100,20.5053,-229.443,1095.76,2.78431,5.87594,4.46274,13.123,-400
23.2713,-229.36,1097.18,21.0828,-229.733,1095.4,2.41952,4.24443,4.56051,11.2245,-400
23.7446,-229.59,1097.3,21.571,-230.298,1095.21,2.0784,3.0474,4.58028,9.70608,-400
23.5544,-230.136,1098.27,22.0877,-230.715,1095.47,1.77543,2.27371,4.5129,8.56203,-400
24.4109,-228.866,1099.09,22.7616,-230.779,1096.03,1.54624,1.93757,4.3483,7.83211,-400
24.7487,-228.224,1099.32,23.3971,-230.528,1096.95,1.47269,1.87298,4.0729,7.41858,-400
24.0505,-229.436,1100.51,23.9169,-230.384,1097.96,1.5563,1.91922,3.68902,7.16454,-400
23.7865,-230.03,1100.85,24.3148,-230.32,1098.88,1.71911,1.94293,3.21179,6.87383,-400
23.5231,-230.338,1100.07,24.5419,-230.329,1099.65,1.90322,1.88078,2.73556,6.51955,-400
23.6255,-229.353,1099.78,24.6192,-230.074,1100.34,2.06658,1.70446,2.3596,6.13064,-400
24.4305,-228.06,1098.75,24.7117,-229.612,1100.84,2.19298,1.47099,2.13427,5.79824,-400
24.3911,-229.046,1097.71,24.9072,-229.726,1100.55,2.27479,1.21998,1.9761,5.47087,-400
23.8743,-230.306,1098.97,24.8911,-230.247,1100.11,2.29538,0.973227,1.90496,5.17356,-400
23.8308,-230.752,1099.72,25.0789,-230.751,1099.82,2.27734,0.749815,1.92122,4.94837,-400
23.4972,-230.743,1099.91,25.0958,-230.939,1099.65,2.21778,0.601835,1.97012,4.78974,-400
23.9472,-230.396,1099.27,25.0096,-230.942,1099.5,2.12052,0.549427,1.99273,4.66269,-400
23.7351,-230.658,1099.92,24.8922,-230.909,1099.78,1.98135,0.546207,1.99893,4.52648,-400
23.5055,-230.728,1100.02,24.6948,-230.885,1100.02,1.83024,0.545858,2.00702,4.38312,-400
22.204,-229.911,1100.9,24.3699,-230.71,1100.23,1.63541,0.507567,2.00704,4.15002,-400
23.5792,-228.729,1100.06,24.1395,-230.567,1100.23,1.40216,0.456732,1.95968,3.81858,-400
24.379,-228.343,1099.51,23.9944,-230.463,1100.14,1.17664,0.401173,1.87037,3.44819,-400
24.2468,-228.338,1099.41,23.9436,-230.211,1099.91,0.968279,0.371118,1.70717,3.04657,-400
24.4495,-228.371,1100.02,23.9689,-229.903,1099.75,0.770063,0.389757,1.46445,2.62427,-400
23.7452,-229.514,1099.87,23.9466,-229.722,1099.69,0.593343,0.415243,1.17387,2.18245,-400
23.932,-230.005,1099.34,23.9418,-229.736,1099.62,0.479162,0.429619,0.861822,1.7706,-400
23.4241,-230.794,1100.73,23.7749,-230.009,1099.89,0.444714,0.433612,0.591378,1.4697,-400
23.9527,-230.786,1100.73,23.6982,-230.153,1100.27,0.459813,0.434882,0.413398,1.30809,-400
24.5705,-229.192,1099.91,23.7751,-229.946,1100.35,0.480942,0.442046,0.343064,1.26605,-400
24.0698,-230.389,1100.33,23.8027,-229.866,1100.38,0.496745,0.451515,0.341211,1.28947,-400
23.701,-230.597,1100.26,23.8319,-229.829,1100.37,0.50598,0.459853,0.342504,1.30834,-400
22.9386,-229.455,1100.19,23.7074,-229.699,1100.43,0.514717,0.454122,0.304709,1.27355,-400
23.5389,-229.83,1097.23,23.6942,-229.593,1100.03,0.507863,0.462851,0.281277,1.25199,-400
23.9602,-224.57,1100.18,23.7647,-228.808,1100.03,0.491693,0.559978,0.280405,1.33208,-400
25.7073,-221.366,1101.79,24.2201,-227.742,1100.12,0.444478,0.756551,0.278324,1.47935,-400
28.017,-219.527,1099.46,24.7767,-226.629,1100.03,0.413572,1.03129,0.265214,1.71008,-400
33.4005,-215.412,1100.35,25.9026,-225.077,1100.12,0.538881,1.42726,0.234977,2.20112,-400
40.1821,-213.414,1101.23,27.8805,-223.321,1100.34,0.968891,1.92884,0.23171,3.12944,-400
51.77,-209.054,1101.82,31.258,-221.057,1100.54,1.80266,2.56845,0.24956,4.62066,-400
65.3356,-203.015,1105.98,36.3542,-217.95,1101.28,3.12609,3.42125,0.354585,6.90193,-400
81.9294,-198.797,1110.16,43.3816,-214.356,1102.6,5.02822,4.4776,0.637041,10.1429,-400
105.416,-199.816,1110.08,53.2395,-210.943,1103.7,7.71454,5.63781,0.975528,14.3279,-400
130.881,-195.953,1113.62,65.9449,-207.179,1105.22,11.3036,6.91432,1.41138,19.6293,-400
152.031,-192.803,1122.8,80.8246,-203.364,1107.98,15.7635,8.27364,2.09623,26.1334,-400
172.605,-191.128,1133.32,97.8552,-199.338,1111.94,21.0738,9.70336,3.11967,33.8968,-400
189.322,-190.738,1147.1,116.429,-195.41,1117.54,27.1346,11.1516,4.59874,42.8849,-400
207.269,-192.714,1158.7,136.673,-192.056,1124.44,33.8868,12.5195,6.55606,52.9624,-400
227.583,-195.257,1170.28,158.638,-189.142,1132.94,41.29,13.7591,9.04854,64.0976,-400
245.506,-199.746,1182.41,181.954,-187.61,1142.31,49.258,14.7581,11.9917,76.0078,-400
262.151,-202.54,1194.94,206.221,-186.924,1152.71,57.66,15.4656,15.3629,88.4885,-50
275.338,-206.845,1206.15,230.859,-187.072,1164.45,66.3171,15.8455,19.1798,101.342,-50
286.449,-210.339,1217.25,255.176,-188.2,1177.03,74.9946,15.8686,23.387,114.25,-50
296.414,-213.055,1226.75,278.85,-189.892,1190.21,83.4707,15.534,27.8896,126.894,-50
302.597,-213.986,1236.01,300.81,-192.182,1203.96,91.4456,14.8953,32.6327,138.974,-50
306.665,-214.947,1244.33,320.615,-195.234,1217.68,98.6408,13.9918,37.4923,150.125,-50
310.847,-216.446,1249.95,338.006,-198.831,1231.01,104.781,12.8766,42.3167,159.975,-50
313.902,-216.966,1254.61,352.11,-202.147,1244.38,109.576,11.6689,47.038,168.283,-50
315.617,-217.844,1257.43,362.702,-205.844,1257.07,112.778,10.4932,51.5179,174.79,-50
316.482,-218.353,1259.19,370.425,-209.753,1268.26,114.267,9.56615,55.5525,179.386,-50
316.945,-218.573,1260.18,375.486,-213.619,1277.77,113.983,9.16805,58.9849,182.136,-50
316.754,-218.648,1260.18,378.461,-217.245,1285.14,111.942,9.43628,61.6553,183.033,-50
316.594,-218.65,1259.85,379.356,-220.33,1290.74,108.251,10.2379,63.413,181.902,-50
316.927,-218.113,1259.38,378.096,-222.748,1294.65,103.058,11.3559,64.1646,178.579,-50
316.374,-218.476,1258.67,375.042,-224.423,1296.88,96.5125,12.5471,63.884,172.944,-50
315.651,-219.015,1258.55,370.486,-225.641,1297.56,88.8138,13.6449,62.5706,165.029,-50
313.503,-218.943,1258.39,364.815,-226.164,1296.96,80.1543,14.4976,60.2967,154.949,-50
311.682,-220.037,1257.24,358.431,-226.302,1295.07,70.7914,15.0277,57.1264,142.945,-50
310.551,-220.626,1256.59,351.645,-226.121,1292.25,61.0551,15.1797,53.1951,129.43,-50
309.715,-220.797,1255.55,345.006,-225.831,1288.57,51.3232,14.9834,48.5934,114.9,-50
309.251,-220.812,1254.71,338.823,-225.441,1284.24,42.0304,14.4594,43.4596,99.9494,-50
309.188,-220.468,1253.95,333.099,-224.866,1279.66,33.68,13.6352,38.0124,85.3276,-50
306.624,-219.806,1253.43,327.585,-224.197,1275.03,26.8896,12.5718,32.4683,71.9296,-400
305.157,-219.658,1252.34,322.515,-223.481,1270.55,22.427,11.3067,27.0738,60.8075,-400
304.513,-219.634,1251.98,318.027,-222.801,1266.42,20.703,9.89198,22.1588,52.7538,-400
304.156,-219.504,1251.34,314.128,-222.193,1262.68,21.2519,8.41786,18.0838,47.7536,-400
303.919,-219.534,1251.46,310.847,-221.698,1259.49,22.9483,6.97603,15.2463,45.1706,-400
302.292,-219.615,1251.88,307.919,-221.326,1256.89,24.8202,5.55496,14.0124,44.3876,-400
301.017,-219.498,1252.71,305.245,-221.104,1254.89,26.3621,4.2457,14.1955,44.8033,-400
301.394,-219.382,1252.87,303.076,-220.898,1253.37,27.3449,3.15956,15.1344,45.6389,-400
302.091,-219.306,1252.81,301.395,-220.682,1252.17,27.6965,2.41921,16.223,46.3387,-400
302.647,-219.155,1252.69,300.292,-220.508,1251.23,27.3942,2.10323,17.1013,46.5986,-400
302.76,-219.108,1252.47,299.599,-220.229,1250.61,26.4793,2.1105,17.5975,46.1873,-400
302.794,-219.107,1252.35,299.158,-219.912,1250.21,25.0552,2.23651,17.6501,44.9418,-400
303.201,-219.232,1251.58,298.944,-219.626,1249.96,23.237,2.34602,17.2664,42.8493,-400
303.215,-219.31,1250.67,298.831,-219.382,1249.75,21.155,2.38355,16.4931,40.0316,-400
303.5,-219.736,1249.48,298.783,-219.261,1249.53,18.9346,2.34753,15.3874,36.6695,-400
303.211,-219.468,1248.82,299.022,-219.206,1249.31,16.6748,2.24894,14.0335,32.9572,-400
304.343,-220.903,1247.15,299.564,-219.366,1249.01,14.4656,2.09754,12.5066,29.0697,-400
305.004,-221.665,1246.02,300.224,-219.626,1248.6,12.3549,1.89828,10.9003,25.1535,-400
305.777,-222.44,1244.45,300.971,-219.999,1248.06,10.3566,1.65872,9.3123,21.3276,-400
305.838,-222.355,1244.03,301.693,-220.347,1247.44,8.48652,1.40799,7.8103,17.7048,-400
305.558,-222.305,1243.81,302.515,-220.671,1246.73,6.79948,1.17148,6.4552,14.4262,-400
305.405,-222.199,1243.23,303.398,-220.99,1245.85,5.3348,0.976447,5.30562,11.6169,-400
305.226,-222.012,1242.25,304.122,-221.292,1244.84,4.1233,0.844397,4.40292,9.37062,-400
304.916,-221.635,1241.56,304.639,-221.544,1243.77,3.19869,0.785986,3.78713,7.77181,-400
304.48,-221.217,1239.95,304.968,-221.753,1242.53,2.58448,0.790657,3.47116,6.8463,-400
303.562,-220.468,1238.51,305.116,-221.858,1241.17,2.30535,0.829867,3.42795,6.56317,-400
302.427,-219.747,1235.73,305.075,-221.858,1239.52,2.29214,0.876229,3.61633,6.7847,-400
298.561,-218.982,1232.84,304.457,-221.733,1237.64,2.35637,0.915562,3.98534,7.25727,-400
293.441,-218.289,1227.96,303.17,-221.503,1235.32,2.37885,0.941194,4.52611,7.84615,-400
285.943,-217.168,1222.46,300.898,-221.075,1232.52,2.36419,0.948516,5.23731,8.55001,-400
276.845,-215.679,1215.16,297.554,-220.5,1228.97,2.49585,0.945608,6.14776,9.58922,-400
266.639,-213.383,1206.56,292.862,-219.466,1224.65,3.11193,0.966066,7.28349,11.3615,-400
254.937,-212.833,1196.09,286.747,-218.305,1219.28,4.43553,1.06709,8.69895,14.2016,-400
239.066,-213.09,1185.5,278.715,-217.13,1212.94,6.53569,1.27611,10.4237,18.2355,-400
220.44,-212.271,1173.56,268.581,-215.914,1205.34,9.42803,1.59158,12.5126,23.5322,-400
202.763,-210.793,1159.48,256.598,-214.571,1196.23,13.0749,2.00436,15.0322,30.1114,-400
184.372,-209.628,1147.61,242.741,-213.155,1186,17.4529,2.49565,17.9787,37.9273,-400
165.993,-211.172,1136.73,227.093,-212.029,1174.88,22.5313,2.99978,21.316,46.8471,-400
143.893,-211.943,1126.59,209.267,-211.11,1162.95,28.3336,3.48091,25.0005,56.815,-400
120.227,-211.783,1122.25,189.172,-210.277,1151.13,34.878,3.92637,28.8854,67.6898,-400
98.525,-213.013,1117.26,167.22,-209.746,1139.31,42.1071,4.30529,32.8698,79.2822,-400
77.5636,-210.412,1112.69,143.623,-209.009,1127.73,49.9383,4.63901,36.8515,91.4288,-50
61.3279,-212.854,1109.83,119.41,-208.726,1116.61,58.1809,4.88551,40.7208,103.787,-50
46.0897,-214.943,1107.64,94.9032,-208.824,1106.28,66.6459,5.02171,44.3509,116.019,-50
35.2238,-215.306,1105.55,70.9842,-209.117,1096.81,75.0795,5.04381,47.6358,127.759,-50
24.9696,-218.409,1108.43,47.9131,-209.993,1089.02,83.2452,4.93356,50.4079,138.587,-50
18.8667,-216.11,1102.67,26.3229,-210.823,1081.89,90.8784,4.71459,52.6281,148.221,-50
13.6999,-218.542,1094.63,6.45363,-211.986,1075.31,97.7516,4.39876,54.259,156.409,-50
10.1545,-220.725,1092.93,-11.0513,-213.331,1070.07,103.618,4.01426,55.2146,162.847,-50
6.68049,-220.235,1090.03,-25.9654,-214.639,1066.1,108.271,3.61226,55.4294,167.313,-50
6.63822,-221.333,1087.91,-38.1135,-216.193,1063.66,111.531,3.26657,54.8494,169.647,-50
6.44265,-221.575,1086.19,-47.5826,-217.825,1062.42,113.276,3.11307,53.4594,169.848,-50
6.38971,-221.544,1084.46,-54.5177,-219.153,1062.16,113.427,3.1947,51.292,167.914,-50
5.66729,-220.94,1085.51,-58.7038,-220.214,1063.07,111.952,3.46863,48.3736,163.794,-50
6.29106,-220.068,1084.02,-59.9638,-221.102,1064.01,108.857,3.86123,44.8317,157.549,-50
6.37125,-221.203,1085.02,-58.8212,-221.908,1065.34,104.195,4.30718,40.8157,149.318,-50
6.51328,-221.734,1086.2,-55.5484,-223.039,1067.02,98.0702,4.78467,36.4664,139.321,-50
6.7515,-221.618,1086.71,-50.8909,-223.764,1068.7,90.6391,5.21315,31.941,127.793,-50
6.89355,-221.475,1087.13,-45.1079,-224.146,1070.29,82.1392,5.5479,27.4206,115.108,-50
6.9124,-221.624,1088.08,-38.862,-224.464,1071.84,72.8919,5.77652,22.9982,101.667,-50
6.60054,-221.541,1088.46,-32.3283,-224.355,1072.67,63.2393,5.87498,18.8099,87.9242,-50
6.62204,-221.612,1088.09,-26.0248,-224.55,1073.82,53.5929,5.84322,14.9685,74.4046,-400
6.73418,-221.677,1087.57,-20.0586,-224.441,1075.55,44.3299,5.6772,11.6084,61.6155,-400
6.83727,-221.634,1087.22,-14.6087,-224.065,1077.08,35.9038,5.38372,8.88559,50.1731,-400
6.67345,-221.651,1086.58,-9.66733,-223.785,1078.55,28.799,4.97725,7.01446,40.7907,-400
6.88264,-223.294,1086.9,-5.56523,-223.617,1080.04,23.6084,4.51442,6.06511,34.1879,-400
8.68618,-214.544,1118.82,-1.99734,-222.333,1085.59,20.8093,3.96036,6.45453,31.2242,-400
9.97789,-213.802,1137.38,1.02454,-221.036,1093.38,20.3299,3.38626,8.09759,31.8138,-400
10.8541,-213.714,1146.63,3.62218,-219.879,1101.81,21.3384,2.86723,10.425,34.6306,-400
11.4068,-213.743,1150.74,5.68123,-218.908,1110.52,22.8461,2.46205,13.0796,38.3878,-400
11.6598,-213.77,1153.5,7.33024,-217.858,1119.02,24.1866,2.28835,15.8679,42.3429,-400
8.36267,-218.127,1130.54,8.1967,-217.384,1123.98,24.9855,2.33038,18.3035,45.6193,-400
6.31944,-220.875,1115.26,8.51832,-217.335,1126.61,25.0818,2.47085,20.2358,47.7885,-400
4.52022,-221.322,1107.12,8.41745,-217.394,1127.92,24.4541,2.63834,21.6943,48.7867,-400
4.14833,-222.596,1101.15,8.15093,-217.627,1128.17,23.1996,2.78673,22.6772,48.6635,-400
7.42995,-216.54,1127.71,8.27822,-217.1,1131.65,21.4688,2.95182,23.5298,47.9504,-400
6.1376,-219.436,1117.34,8.17807,-216.983,1133.6,19.41,3.07162,24.1487,46.6303,-400
8.7597,-215.559,1136.05,8.37261,-216.382,1137.86,17.165,3.16558,24.7166,45.0472,-400
10.4177,-214.516,1146.11,8.74381,-215.683,1143.23,14.8785,3.23904,25.2907,43.4082,-400
11.3443,-214.146,1151.13,9.23962,-214.972,1149.05,12.6442,3.28321,25.8742,41.8017,-400
11.7017,-213.861,1153.38,9.73486,-214.055,1154.82,10.5549,3.33329,26.3751,40.2632,-400
11.8963,-213.801,1154.84,10.0113,-214.269,1156.52,8.64286,3.27146,26.4517,38.366,-400
9.53715,-219.471,1134.42,9.81881,-215.278,1153.28,6.92587,3.07911,25.8154,35.8204,-400
7.43631,-219.26,1114.53,9.26765,-216.214,1146.56,5.40789,2.80724,24.3538,32.569,-400
5.88963,-219.255,1103.04,8.48383,-217.092,1138.26,4.10831,2.46424,22.1461,28.7187,-400
4.12567,-218.791,1096.4,7.48807,-217.85,1129.28,2.99894,2.04087,19.337,24.3768,-400
3.24207,-218.719,1092.89,6.8451,-217.999,1123.25,2.11227,1.69349,16.6049,20.4107,-400
3.09273,-218.766,1090.57,6.46707,-217.793,1119.18,1.48234,1.44214,14.4623,17.3868,-400
2.98468,-220.656,1093.06,6.3108,-217.783,1116.69,1.16289,1.29016,13.179,15.632,-400
2.78853,-221.465,1096.13,6.17172,-217.719,1115.48,1.11415,1.2169,12.7862,15.1172,-400
2.73825,-221.704,1097.72,5.61293,-218.45,1111.24,1.23733,1.2505,13.3338,15.8217,-400
6.54142,-216.072,1126.06,5.72959,-218.049,1112.26,1.34166,1.27502,13.9739,16.5906,-400
6.14427,-213.12,1138.1,5.46431,-217.755,1112.6,1.44304,1.28702,14.6009,17.331,-400
5.81375,-211.556,1143.66,4.97028,-217.373,1112.61,1.56445,1.28654,15.1865,18.0375,-400
4.72283,-215.907,1125.83,4.25742,-217.579,1109.98,1.72602,1.28508,15.8749,18.886,-400
8.0278,-213.489,1140.41,3.97532,-217.461,1109.34,1.87399,1.29141,16.5168,19.6822,-400
6.70472,-217.969,1124.43,3.52821,-217.926,1106.67,2.02747,1.31291,17.1919,20.5322,-400
5.20712,-218.091,1108.82,3.21326,-217.682,1104.74,2.16323,1.31862,17.7398,21.2217,-400
5.56004,-219.755,1097.99,3.21862,-217.712,1103.95,2.24438,1.29516,17.9249,21.4644,-400
5.12767,-219.755,1094.77,3.35142,-217.764,1104.09,2.25063,1.21139,17.4926,20.9546,-400
7.1673,-220.663,1094.08,3.94436,-218.013,1104.78,2.14682,0.985287,16.1519,19.284,-400
14.1663,-218.073,1095.38,5.517,-217.931,1105.93,1.92963,0.682364,13.9763,16.5883,-400
20.2801,-215.074,1103.35,7.83401,-217.451,1108.29,1.7577,0.437747,11.3274,13.5228,-400
32.6212,-214.857,1106.73,11.6724,-216.713,1110.64,2.06163,0.360971,8.68217,11.1048,-400
47.5967,-212.934,1108.29,17.3284,-215.643,1112.71,3.2289,0.564673,6.46096,10.2545,-400
64.3686,-212.23,1113.97,24.9326,-214.512,1115.13,5.21762,0.880526,5.13447,11.2326,-400
86.2975,-211.502,1117.1,34.601,-214.041,1114.26,7.95859,1.14377,4.37871,13.4811,-400
111.083,-209.901,1122.18,47.1489,-213.753,1112.54,11.5788,1.36785,3.93976,16.8864,-400
135.038,-208.212,1129.72,62.3402,-213.451,1111.14,16.1262,1.56578,3.65845,21.3504,-400
157.621,-211.033,1137.37,79.9791,-212.974,1112.97,21.6018,1.76306,3.506,26.8709,-400
178.156,-214.074,1148.25,99.1427,-213.22,1114.22,27.8622,1.85637,3.6256,33.3442,-400
197.279,-217.457,1161.37,120.162,-213.341,1119.05,34.88,1.92331,4.11166,40.915,-400
214.9,-222.086,1173.88,142.78,-214.039,1127.22,42.5678,1.93533,5.51828,50.0214,-400
229.818,-224.932,1186.59,166.335,-214.874,1138.07,50.7668,1.91868,8.08088,60.7663,-400
242.287,-228.397,1199.63,190.552,-216.135,1150.58,59.3107,1.87724,11.5855,72.7735,-400
254.111,-229.709,1212.11,214.99,-217.417,1164.31,68.0318,1.87526,15.8239,85.731,-50
0,0,0,204.725,-189.384,1021.13,73.2947,5.99533,26.2079,105.498,-50
0,0,0,193.811,-162.689,881.852,76.0462,12.6889,56.7977,145.533,-50
0,0,0,181.529,-136.953,747.102,76.7693,20.5197,95.8768,193.166,-50
0,0,0,167.66,-112.382,617.123,75.7745,28.9923,139.529,244.296,-50
0,0,0,152.115,-88.806,491.409,73.3376,37.813,185.9,297.05,-50
0,0,0,134.385,-66.2466,370.203,69.7783,46.7632,233.654,350.196,-50
0,0,0,114.309,-44.8192,253.237,65.5053,55.6546,281.742,402.902,-50
0,0,0,92.2143,-24.5275,140.225,61.1759,64.3274,329.314,454.818,-50
0,0,0,68.4884,-4.77583,31.2994,57.7152,72.7104,375.596,506.022,-50
0,0,0,43.5725,14.4272,-73.9391,56.2295,80.7161,419.891,556.836,-50
0,0,0,17.8307,33.117,-175.601,57.6855,88.2255,461.681,607.592,-50
0,0,0,-8.37348,51.4193,-273.425,62.4872,95.1403,500.363,657.99,-50
0,0,0,-34.5487,69.0783,-367.276,70.1989,101.339,535.269,706.806,-50
0,0,0,-60.2555,86.1458,-457.067,79.8895,106.706,565.546,752.142,-50
0,0,0,-85.312,102.327,-542.612,90.5541,111.045,590.45,792.048,-50
0,0,0,-76.5499,88.8499,-471.409,98.2759,112.086,597.753,808.116,-50
0,0,0,-67.8781,76.3284,-405.111,103.322,110.294,589.916,803.532,-50
0,0,0,-59.3511,64.7619,-343.731,105.628,105.872,567.876,779.376,-50
0,0,0,-51.0358,54.1418,-287.277,104.87,98.7568,531.29,734.917,-50
0,0,0,-43.0065,44.4649,-235.774,100.431,88.6016,478.133,667.166,-50
0,0,0,-35.3607,35.728,-189.235,94.7142,78.4721,424.469,597.655,-50
0,0,0,-28.2087,27.924,-147.685,87.8883,68.606,371.804,528.299,-50
0,0,0,-21.6568,21.0454,-111.155,80.1618,59.2895,321.627,461.079,-50
0,0,0,-15.8055,15.1047,-79.68,71.7613,50.8092,275.533,398.103,-50
0,0,0,-10.746,10.1155,-53.3085,62.9378,43.5093,235.404,341.852,-50
0,0,0,-6.56322,6.09268,-32.0986,54.0462,37.7575,203.302,295.106,-50
0,0,0,-3.3356,3.05696,-16.106,45.5613,33.8513,181.136,260.548,-50
0,0,0,-1.12938,1.02093,-5.38717,38.0637,31.8634,169.697,239.624,-50
0,0,0,0,0,0,32.2254,31.5431,167.578,231.347,-50
0,0,0,0,0,0,28.6265,32.2819,171.386,232.295,-400
0,0,0,0,0,0,27.3874,33.3987,177.304,238.09,-50
0,0,0,0,0,0,27.7829,34.2263,181.674,243.683,-50
0,0,0,0,0,0,28.5132,34.1296,181.109,243.752,-50
0,0,0,0,0,0,28.1597,32.3982,171.907,232.464,-50
0,0,0,0,0,0,25.0336,27.961,148.385,201.379,-50
0,0,0,0,0,0,21.9096,23.8049,126.318,172.032,-50
0,0,0,0,0,0,18.8393,19.9528,105.839,144.631,-50
0,0,0,0,0,0,15.8729,16.4229,87.0599,119.356,-50
0,0,0,0,0,0,13.059,13.2295,70.0687,96.3572,-50
0,0,0,0,0,0,10.4447,10.3829,54.9301,75.7576,-400
0,0,0,0,0,0,8.07212,7.88926,41.6867,57.6481,-400
0,0,0,0,0,0,5.97636,5.75169,30.3583,42.0864,-400
0,0,0,0,0,0,4.18423,3.97088,20.939,29.0941,-400
0,0,0,0,0,0,2.71337,2.54219,13.3962,18.6518,-400
0,0,0,0,0,0,1.57157,1.45492,7.66533,10.6918,-400
0,0,0,0,0,0,0.755146,0.691225,3.64231,5.08868,-400
0,0,0,0,0,0,0.246143,0.222507,1.17411,1.64276,-400
0,0,0,0,0,0,0,0,0,0,-400
0,0,0,0,0,0,0,0,0,0,-400
0,0,0,0,0,0,0,0,0,0,-400
0,0,0,0,0,0,0,0,0,0,-400
0,0,0,0,0,0,0,0,0,0,-400
0,0,0,0,0,0,0,0,0,0,-400
0,0,0,0,0,0,0,0,0,0,-400
0,0,0,0,0,0,0,0,0,0,-400
0,0,0,0,0,0,0,0,0,0,-400
0,0,0,0,0,0,0,0,0,0,-400
0,0,0,0,0,0,0,0,0,0,-400
0,0,0,0,0,0,0,0,0,0,-400
0,0,0,0,0,0,0,0,0,0,-400
0,0,0,0,0,0,0,0,0,0,-400
0,0,0,0,0,0,0,0,0,0,-400
0,0,0,0,0,0,0,0,0,0,-400
0,0,0,0,0,0,0,0,0,0,-400
0,0,0,0,0,0,0,0,0,0,-400
0,0,0,0,0,0,0,0,0,0,-400
0,0,0,0,0,0,0,0,0,0,-400
0,0,0,0,0,0,0,0,0,0,-400
0,0,0,0,0,0,0,0,0,0,-400
0,0,0,0,0,0,0,0,0,0,-400
0,0,0,0,0,0,0,0,0,0,-400
0,0,0,0,0,0,0,0,0,0,-400
0,0,0,0,0,0,0,0,0,0,-400
0,0,0,0,0,0,0,0,0,0,-400
0,0,0,0,0,0,0,0,0,0,-400
0,0,0,0,0,0,0,0,0,0,-400
0,0,0,0,0,0,0,0,0,0,-400
0,0,0,0,0,0,0,0,0,0,-400
0,0,0,0,0,0,0,0,0,0,-400
0,0,0,0,0,0,0,0,0,0,-400
0,0,0,0,0,0,0,0,0,0,-400
0,0,0,0,0,0,0,0,0,0,-400
0,0,0,0,0,0,0,0,0,0,-400
0,0,0,0,0,0,0,0,0,0,-400
0,0,0,0,0,0,0,0,0,0,-400
0,0,0,0,0,0,0,0,0,0,-400
0,0,0,0,0,0,0,0,0,0,-400
0,0,0,0,0,0,0,0,0,0,-400
0,0,0,0,0,0,0,0,0,0,-400
0,0,0,0,0,0,0,0,0,0,-400
0,0,0,0,0,0,0,0,0,0,-400
0,0,0,0,0,0,0,0,0,0,-400
0,0,0,0,0,0,0,0,0,0,-400
0,0,0,0,0,0,0,0,0,0,-400
0,0,0,0,0,0,0,0,0,0,-400
0,0,0,0,0,0,0,0,0,0,-400
0,0,0,0,0,0,0,0,0,0,-400
0,0,0,0,0,0,0,0,0,0,-400
0,0,0,0,0,0,0,0,0,0,-400
0,0,0,0,0,0,0,0,0,0,-400
0,0,0,0,0,0,0,0,0,0,-400
0,0,0,0,0,0,0,0,0,0,-400
0,0,0,0,0,0,0,0,0,0,-400
0,0,0,0,0,0,0,0,0,0,-400
0,0,0,0,0,0,0,0,0,0,-400
0,0,0,0,0,0,0,0,0,0,-400
0,0,0,0,0,0,0,0,0,0,-400
0,0,0,0,0,0,0,0,0,0,-400
0,0,0,0,0,0,0,0,0,0,-400
0,0,0,0,0,0,0,0,0,0,-400
0,0,0,0,0,0,0,0,0,0,-400
0,0,0,0,0,0,0,0,0,0,-400
0,0,0,0,0,0,0,0,0,0,-400
0,0,0,0,0,0,0,0,0,0,-400
0,0,0,0,0,0,0,0,0,0,-400
0,0,0,0,0,0,0,0,0,0,-400
0,0,0,0,0,0,0,0,0,0,-400
0,0,0,0,0,0,0,0,0,0,-400
0,0,0,0,0,0,0,0,0,0,-400
0,0,0,0,0,0,0,0,0,0,-400
0,0,0,0,0,0,0,0,0,0,-400
0,0,0,0,0,0,0,0,0,0,-400
0,0,0,0,0,0,0,0,0,0,-400
0,0,0,0,0,0,0,0,0,0,-400
0,0,0,0,0,0,0,0,0,0,-400
0,0,0,0,0,0,0,0,0,0,-400
0,0,0,0,0,0,0,0,0,0,-400
0,0,0,0,0,0,0,0,0,0,-400
0,0,0,0,0,0,0,0,0,0,-400
0,0,0,0,0,0,0,0,0,0,-400
0,0,0,0,0,0,0,0,0,0,-400
0,0,0,0,0,0,0,0,0,0,-400
0,0,0,0,0,0,0,0,0,0,-400
0,0,0,0,0,0,0,0,0,0,-400
0,0,0,0,0,0,0,0,0,0,-400
0,0,0,0,0,0,0,0,0,0,-400
0,0,0,0,0,0,0,0,0,0,-400
0,0,0,0,0,0,0,0,0,0,-400
0,0,0,0,0,0,0,0,0,0,-400
0,0,0,0,0,0,0,0,0,0,-400
0,0,0,0,0,0,0,0,0,0,-400
0,0,0,0,0,0,0,0,0,0,-400
0,0,0,0,0,0,0,0,0,0,-400
0,0,0,0,0,0,0,0,0,0,-400
0,0,0,0,0,0,0,0,0,0,-400
0,0,0,0,0,0,0,0,0,0,-400
0,0,0,0,0,0,0,0,0,0,-400
0,0,0,0,0,0,0,0,0,0,-400
0,0,0,0,0,0,0,0,0,0,-400
0,0,0,0,0,0,0,0,0,0,-400
0,0,0,0,0,0,0,0,0,0,-400
0,0,0,0,0,0,0,0,0,0,-400
0,0,0,0,0,0,0,0,0,0,-400
0,0,0,0,0,0,0,0,0,0,-400
0,0,0,0,0,0,0,0,0,0,-400
0,0,0,0,0,0,0,0,0,0,-400
0,0,0,0,0,0,0,0,0,0,-400
0,0,0,0,0,0,0,0,0,0,-400
0,0,0,0,0,0,0,0,0,0,-400
0,0,0,0,0,0,0,0,0,0,-400
0,0,0,0,0,0,0,0,0,0,-400
0,0,0,0,0,0,0,0,0,0,-400
0,0,0,0,0,0,0,0,0,0,-400
0,0,0,0,0,0,0,0,0,0,-400
0,0,0,0,0,0,0,0,0,0,-400
0,0,0,0,0,0,0,0,0,0,-400
0,0,0,0,0,0,0,0,0,0,-400
0,0,0,0,0,0,0,0,0,0,-400
0,0,0,0,0,0,0,0,0,0,-400
0,0,0,0,0,0,0,0,0,0,-400
0,0,0,0,0,0,0,0,0,0,-400
0,0,0,0,0,0,0,0,0,0,-400
0,0,0,0,0,0,0,0,0,0,-400
0,0,0,0,0,0,0,0,0,0,-400
0,0,0,0,0,0,0,0,0,0,-400
0,0,0,0,0,0,0,0,0,0,-400
0,0,0,0,0,0,0,0,0,0,-400
0,0,0,0,0,0,0,0,0,0,-400
0,0,0,0,0,0,0,0,0,0,-400
0,0,0,0,0,0,0,0,0,0,-400
0,0,0,0,0,0,0,0,0,0,-400
0,0,0,0,0,0,0,0,0,0,-400
0,0,0,0,0,0,0,0,0,0,-400
0,0,0,0,0,0,0,0,0,0,-400
0,0,0,0,0,0,0,0,0,0,-400
0,0,0,0,0,0,0,0,0,0,-400
0,0,0,0,0,0,0,0,0,0,-400
0,0,0,0,0,0,0,0,0,0,-400
0,0,0,0,0,0,0,0,0,0,-400
0,0,0,0,0,0,0,0,0,0,-400
0,0,0,0,0,0,0,0,0,0,-400
0,0,0,0,0,0,0,0,0,0,-400
0,0,0,0,0,0,0,0,0,0,-400
0,0,0,0,0,0,0,0,0,0,-400
0,0,0,0,0,0,0,0,0,0,-400
0,0,0,0,0,0,0,0,0,0,-400
0,0,0,0,0,0,0,0,0,0,-400
0,0,0,0,0,0,0,0,0,0,-400
0,0,0,0,0,0,0,0,0,0,-400
0,0,0,0,0,0,0,0,0,0,-400
0,0,0,0,0,0,0,0,0,0,-400
0,0,0,0,0,0,0,0,0,0,-400
0,0,0,0,0,0,0,0,0,0,-400
0,0,0,0,0,0,0,0,0,0,-400
0,0,0,0,0,0,0,0,0,0,-400
0,0,0,0,0,0,0,0,0,0,-400
0,0,0,0,0,0,0,0,0,0,-400
0,0,0,0,0,0,0,0,0,0,-400
0,0,0,0,0,0,0,0,0,0,-400
0,0,0,0,0,0,0,0,0,0,-400
0,0,0,0,0,0,0,0,0,0,-400
0,0,0,0,0,0,0,0,0,0,-400
0,0,0,0,0,0,0,0,0,0,-400
0,0,0,0,0,0,0,0,0,0,-400
0,0,0,0,0,0,0,0,0,0,-400
0,0,0,0,0,0,0,0,0,0,-400
0,0,0,0,0,0,0,0,0,0,-400
0,0,0,0,0,0,0,0,0,0,-400
0,0,0,0,0,0,0,0,0,0,-400
0,0,0,0,0,0,0,0,0,0,-400
0,0,0,0,0,0,0,0,0,0,-400
0,0,0,0,0,0,0,0,0,0,-400
0,0,0,0,0,0,0,0,0,0,-400
0,0,0,0,0,0,0,0,0,0,-400
0,0,0,0,0,0,0,0,0,0,-400
0,0,0,0,0,0,0,0,0,0,-400
0,0,0,0,0,0,0,0,0,0,-400
0,0,0,0,0,0,0,0,0,0,-400
0,0,0,0,0,0,0,0,0,0,-400
0,0,0,0,0,0,0,0,0,0,-400
0,0,0,0,0,0,0,0,0,0,-400
0,0,0,0,0,0,0,0,0,0,-400
0,0,0,0,0,0,0,0,0,0,-400
0,0,0,0,0,0,0,0,0,0,-400
0,0,0,0,0,0,0,0,0,0,-400
0,0,0,0,0,0,0,0,0,0,-400
0,0,0,0,0,0,0,0,0,0,-400
0,0,0,0,0,0,0,0,0,0,-400
0,0,0,0,0,0,0,0,0,0,-400
0,0,0,0,0,0,0,0,0,0,-400
0,0,0,0,0,0,0,0,0,0,-400
0,0,0,0,0,0,0,0,0,0,-400
0,0,0,0,0,0,0,0,0,0,-400
0,0,0,0,0,0,0,0,0,0,-400
0,0,0,0,0,0,0,0,0,0,-400
0,0,0,0,0,0,0,0,0,0,-400
0,0,0,0,0,0,0,0,0,0,-400
0,0,0,0,0,0,0,0,0,0,-400
0,0,0,0,0,0,0,0,0,0,-400
0,0,0,0,0,0,0,0,0,0,-400
0,0,0,0,0,0,0,0,0,0,-400
0,0,0,0,0,0,0,0,0,0,-400
0,0,0,0,0,0,0,0,0,0,-400
0,0,0,0,0,0,0,0,0,0,-400
0,0,0,0,0,0,0,0,0,0,-400
0,0,0,0,0,0,0,0,0,0,-400
0,0,0,0,0,0,0,0,0,0,-400
0,0,0,0,0,0,0,0,0,0,-400
0,0,0,0,0,0,0,0,0,0,-400
0,0,0,0,0,0,0,0,0,0,-400
0,0,0,0,0,0,0,0,0,0,-400
0,0,0,0,0,0,0,0,0,0,-400
0,0,0,0,0,0,0,0,0,0,-400
0,0,0,0,0,0,0,0,0,0,-400
0,0,0,0,0,0,0,0,0,0,-400
0,0,0,0,0,0,0,0,0,0,-400
0,0,0,0,0,0,0,0,0,0,-400
0,0,0,0,0,0,0,0,0,0,-400
0,0,0,0,0,0,0,0,0,0,-400
0,0,0,0,0,0,0,0,0,0,-400
0,0,0,0,0,0,0,0,0,0,-400
0,0,0,0,0,0,0,0,0,0,-400
0,0,0,0,0,0,0,0,0,0,-400
0,0,0,0,0,0,0,0,0,0,-400
0,0,0,0,0,0,0,0,0,0,-400
0,0,0,0,0,0,0,0,0,0,-400
0,0,0,0,0,0,0,0,0,0,-400
0,0,0,0,0,0,0,0,0,0,-400
0,0,0,0,0,0,0,0,0,0,-400
0,0,0,0,0,0,0,0,0,0,-400
0,0,0,0,0,0,0,0,0,0,-400
0,0,0,0,0,0,0,0,0,0,-400
0,0,0,0,0,0,0,0,0,0,-400
0,0,0,0,0,0,0,0,0,0,-400
0,0,0,0,0,0,0,0,0,0,-400
0,0,0,0,0,0,0,0,0,0,-400
0,0,0,0,0,0,0,0,0,0,-400
0,0,0,0,0,0,0,0,0,0,-400
0,0,0,0,0,0,0,0,0,0,-400
0,0,0,0,0,0,0,0,0,0,-400
0,0,0,0,0,0,0,0,0,0,-400
0,0,0,0,0,0,0,0,0,0,-400
0,0,0,0,0,0,0,0,0,0,-400
0,0,0,0,0,0,0,0,0,0,-400
0,0,0,0,0,0,0,0,0,0,-400
0,0,0,0,0,0,0,0,0,0,-400
0,0,0,0,0,0,0,0,0,0,-400
0,0,0,0,0,0,0,0,0,0,-400
0,0,0,0,0,0,0,0,0,0,-400
0,0,0,0,0,0,0,0,0,0,-400
0,0,0,0,0,0,0,0,0,0,-400
0,0,0,0,0,0,0,0,0,0,-400
0,0,0,0,0,0,0,0,0,0,-400
0,0,0,0,0,0,0,0,0,0,-400
0,0,0,0,0,0,0,0,0,0,-400
0,0,0,0,0,0,0,0,0,0,-400
0,0,0,0,0,0,0,0,0,0,-400
0,0,0,0,0,0,0,0,0,0,-400
0,0,0,0,0,0,0,0,0,0,-400
0,0,0,0,0,0,0,0,0,0,-400
0,0,0,0,0,0,0,0,0,0,-400
0,0,0,0,0,0,0,0,0,0,-400
0,0,0,0,0,0,0,0,0,0,-400
0,0,0,0,0,0,0,0,0,0,-400
0,0,0,0,0,0,0,0,0,0,-400
0,0,0,0,0,0,0,0,0,0,-400
0,0,0,0,0,0,0,0,0,0,-400
0,0,0,0,0,0,0,0,0,0,-400
0,0,0,0,0,0,0,0,0,0,-400
0,0,0,0,0,0,0,0,0,0,-400
0,0,0,0,0,0,0,0,0,0,-400
0,0,0,0,0,0,0,0,0,0,-400
0,0,0,0,0,0,0,0,0,0,-400
0,0,0,0,0,0,0,0,0,0,-400
0,0,0,0,0,0,0,0,0,0,-400
0,0,0,0,0,0,0,0,0,0,-400
0,0,0,0,0,0,0,0,0,0,-400
0,0,0,0,0,0,0,0,0,0,-400
0,0,0,0,0,0,0,0,0,0,-400
0,0,0,0,0,0,0,0,0,0,-400
0,0,0,0,0,0,0,0,0,0,-400
0,0,0,0,0,0,0,0,0,0,-400
0,0,0,0,0,0,0,0,0,0,-400
0,0,0,0,0,0,0,0,0,0,-400
0,0,0,0,0,0,0,0,0,0,-400
0,0,0,0,0,0,0,0,0,0,-400
0,0,0,0,0,0,0,0,0,0,-400
0,0,0,0,0,0,0,0,0,0,-400
0,0,0,0,0,0,0,0,0,0,-400
0,0,0,0,0,0,0,0,0,0,-400
0,0,0,0,0,0,0,0,0,0,-400
0,0,0,0,0,0,0,0,0,0,-400
0,0,0,0,0,0,0,0,0,0,-400
0,0,0,0,0,0,0,0,0,0,-400
0,0,0,0,0,0,0,0,0,0,-400
0,0,0,0,0,0,0,0,0,0,-400
0,0,0,0,0,0,0,0,0,0,-400
0,0,0,0,0,0,0,0,0,0,-400
0,0,0,0,0,0,0,0,0,0,-400
0,0,0,0,0,0,0,0,0,0,-400
0,0,0,0,0,0,0,0,0,0,-400
0,0,0,0,0,0,0,0,0,0,-400
0,0,0,0,0,0,0,0,0,0,-400
0,0,0,0,0,0,0,0,0,0,-400
