-370.785	-370.785	-370.785	-370.785	0
-344.447	-357.616	6.5845	377.37	0
-330.134	-348.455	5.24839	-1.33611	0
-207.359	-313.181	19.2013	13.9529	0
-236.933	-297.932	19.8948	0.69355	0
-210.599	-283.376	21.6931	1.79826	0
-257.053	-279.616	11.1885	-10.5045	0
-240.412	-274.715	7.73878	-3.44973	0
-174.485	-263.579	6.5992	-1.13958	0
-155.773	-252.798	8.93924	2.34003	0
-88.002	-237.817	12.2996	3.36033	0
-88.425	-225.367	12.7371	0.437534	0
-85.394	-214.6	12.7326	-0.00446083	0
-83.566	-205.241	10.8587	-1.87396	0
-82.161	-197.035	9.44402	-1.41467	0
-69.177	-189.044	8.51867	-0.925345	0
-56.076	-181.222	8.00603	-0.512642	0
-51.878	-174.037	7.6662	-0.339833	0
-47.44	-167.374	7.22348	-0.442719	0
116.819	-153.164	9.3528	2.12933	0
149.034	-127.173	15.6212	6.26838	0
233.955	-98.2529	23.0402	7.41904	0
217.123	-70.8901	27.4246	4.38441	0
252.665	-47.8889	26.4281	-0.996583	0
57.809	-33.1518	21.7004	-4.72767	0
-53.92	-25.3179	15.1907	-6.50963	0
-74.759	-16.2032	10.5619	-4.62883	0
-86.337	-8.4994	8.21747	-2.34445	0
-108.961	-5.2232	6.69822	-1.51925	0
-131.735	-4.0213	4.06062	-2.6376	0
-117.743	-5.50835	0.997017	-3.0636	0
-119.058	-7.04	-0.6056	-1.60262	0
-129.248	-9.2327	-1.73713	-1.13153	0
-170.166	-13.5627	-2.68478	-0.94765	0
-169.378	-17.9235	-3.62785	-0.943067	0
-191.384	-24.0339	-4.93373	-1.30588	0
-188.228	-30.6415	-5.69293	-0.7592	0
-253.112	-40.7032	-7.59322	-1.90028	0
-189.569	-47.8096	-7.92525	-0.332033	0
-202.988	-63.8	-11.0528	-3.12758	0
-201.91	-81.3472	-13.548	-2.49517	0
-202.768	-103.183	-18.4579	-4.9099	0
-191.587	-123.619	-19.9396	-1.48172	0
-201.287	-146.316	-21.6564	-1.7168	0
-203.793	-159.397	-18.7377	2.91868	0
-205.013	-166.951	-14.4441	4.29362	0
-192.125	-172.82	-8.83435	5.60977	0
-193.502	-178.178	-6.2604	2.57395	0
-207.178	-183.089	-5.37913	0.881267	0
-194.82	-186.243	-4.47445	0.904683	107.304
-251.677	-192.94	-4.9206	-0.44615	102.56
-196.827	-196.828	-4.5798	0.3408	98.1152
-253.577	-203.044	-5.60053	-1.02073	93.8652
-254.977	-207.285	-4.78182	0.818717	90.9482
-256.924	-211.662	-4.94477	-0.16295	88.5692
-286.926	-216.439	-4.46498	0.479783	86.7303
-300.591	-222.058	-4.92418	-0.4592	85.0878
-189.565	-218.88	-2.40597	2.51822	83.5024
-295.9	-224.197	-2.58578	-0.179817	82.3846
-190.502	-223.572	-0.504967	2.08082	81.5811
-292.028	-228.078	-3.06605	-2.56108	81.3232
-208.654	-228.373	-1.39197	1.67408	81.3985
-183.56	-227.971	-1.46628	-0.0743167	81.7136
-195.592	-227.687	0.1306	1.59688	82.2115
-186.338	-226.814	0.519617	0.389017	82.8311
-183.658	-225.746	0.74175	0.222133	83.5428
-200.963	-226.188	0.499533	-0.242217	84.3585
-266.61	-229.843	-1.00985	-1.50938	85.3238
-196.22	-229.295	-1.18313	-0.173283	86.3136
-184.078	-228.758	-0.8568	0.326333	87.3556
-269.764	-229.663	0.0602167	0.917017	88.4172
-255.788	-232.611	-1.1051	-1.16532	89.3293
-186.856	-229.275	-0.172117	0.932983	89.7499
-179.278	-225.49	1.39098	1.5631	89.5571
-272.46	-226.267	2.11473	0.72375	88.8839
-183.717	-221.106	2.72287	0.608133	87.7337
-212.819	-216.718	2.92408	0.201217	86.042
-276.301	-221.054	1.73742	-1.18667	83.9176
-205.386	-216.529	1.52583	-0.211583	81.3291
-186.989	-216.353	0.121517	-1.40432	78.3758
-198.507	-211.677	3.1258	3.00428	75.081
-288.668	-215.678	0.283667	-2.84213	71.5118
-288.759	-220.938	-1.5282	-1.81187	67.6683
-326.739	-227.495	-5.27267	-3.74447	63.6286
-325.416	-234.449	-6.25707	-0.9844	59.3589
-323.63	-241.447	-6.83662	-0.57955	54.9132
-321.716	-247.485	-6.66338	0.173233	50.2589
-320.416	-250.175	-5.24218	1.4212	45.506
-320.379	-256.383	-4.97863	0.26355	40.4753
-321.137	-263.236	-5.2504	-0.271767	35.8221
-339.602	-266.728	-5.5176	-0.2672	31.6652
-318.923	-269.885	-4.50053	1.01707	28.4652
-313.141	-276.199	-4.32097	0.179567	26.3873
-308.773	-282.674	-5.31525	-0.994283	25.6559
-304.675	-284.285	-4.79992	0.515333	25.4364
-214.288	-285.813	-3.20468	1.59523	25.4232
-208.634	-285.604	-0.976683	2.228	25.4562
-286.123	-286.095	-0.603467	0.373217	25.5484
-286.523	-290.152	-1.44623	-0.842767	25.8337
-289.262	-295.266	-3.22053	-1.7743	26.2853
-294.546	-300.067	-4.65748	-1.43695	27.0077
-325.9	-301.929	-3.92573	0.73175	27.7552
-288.025	-301.892	-2.20895	1.71678	28.5132
-255.442	-298.328	0.579983	2.78893	29.0965
-261.221	-295.118	2.27043	1.69045	29.5555
-237.526	-290.813	3.69327	1.42283	29.892
-112.33	-280.343	5.99475	2.30148	30.0076
-248.627	-276.754	6.12132	0.126567	29.9468
-233.027	-272.386	6.14212	0.0208	29.8772
-106.536	-261.656	6.22903	0.0869167	29.6546
-137.24	-251.538	8.40525	2.17622	29.4622
-133.369	-242.26	10.042	1.6367	29.3016
-131.081	-233.157	9.4996	-0.54235	29.2239
-130.345	-224.236	9.1007	-0.3989	29.2865
-110.512	-214.528	9.24418	0.143483	29.5511
-91.693	-208.398	8.2531	-0.991083	29.9591
-89.067	-202.42	7.27208	-0.981017	30.5459
-90.739	-192.651	7.29243	0.02035	31.4999
-93.958	-183.022	8.4586	1.16617	32.7684
-109.21	-174.02	9.46668	1.00808	34.3283
-112.387	-164.912	9.24627	-0.220417	36.1908
-118.932	-154.563	9.48632	0.24005	38.4081
-117.049	-146.015	9.33505	-0.151267	40.8173
-121.249	-139.305	8.53562	-0.799433	43.3114
-118.726	-132.18	7.46107	-1.07455	45.9358
-126.326	-126.62	6.4648	-0.996267	48.5638
-130.909	-127.549	3.9186	-2.5462	50.916
-126.016	-121.419	3.5872	-0.3314	53.3849
-145.601	-117.047	3.19097	-0.396233	55.8286
-163.593	-119.9	2.54967	-0.6413	57.9903
-196.729	-122.875	-0.485333	-3.035	59.8819
-196.244	-126.018	-2.99035	-2.50502	61.5771
-212.993	-130.114	-3.4046	-0.41425	63.0616
-229.438	-135.069	-4.06467	-0.660067	64.3196
-211.331	-140.11	-4.69707	-0.6324	65.352
-218.303	-146.44	-5.44203	-0.744967	66.13
-232.003	-153.587	-6.17275	-0.730717	66.6516
-239.732	-161.036	-6.97565	-0.8029	66.9595
-238.312	-168.254	-7.27138	-0.295733	67.0398
-267.818	-176.185	-7.53258	-0.2612	66.8814
-271.397	-184.135	-7.69953	-0.16695	66.5469
-252.928	-190.835	-7.5269	0.172633	66.0687
-266.707	-198.318	-7.37773	0.149167	65.3928
-270.039	-205.757	-7.2074	0.170333	64.5159
-264.737	-213.058	-7.40765	-0.20025	63.5602
-266.79	-220.081	-7.25442	0.153233	62.5467
-252.505	-226.161	-6.80118	0.453233	61.535
-262.098	-232.965	-6.6357	0.165483	60.5327
-259.462	-238.658	-6.19232	0.443383	59.4426
-266.159	-243.786	-5.87515	0.317167	58.2239
-260.006	-246.95	-4.66173	1.21342	56.8452
-250.048	-249.64	-3.66078	1.00095	55.3916
-261.957	-252.089	-2.76742	0.893367	53.9296
-260.077	-253.62	-2.22345	0.543967	52.5839
-259.755	-256.042	-2.13378	0.0896667	51.372
-250.91	-257.672	-1.86117	0.272617	50.3294
-260.143	-259.079	-1.81952	0.04165	49.6831
-259.992	-260.092	-1.35012	0.4694	49.1769
-266.902	-261.521	-1.28317	0.06695	48.8493
-266.139	-261.438	-0.786183	0.496983	48.8431
-266.372	-261.186	-0.364767	0.421417	49.0927
-262.561	-261.668	-0.0488167	0.31595	49.5541
-262.797	-261.472	-0.0116333	0.0371833	50.1618
-258.233	-260.882	0.101383	0.113017	50.8597
-257.366	-260.514	0.384783	0.2834	51.6178
-253.678	-259.858	0.53815	0.153367	52.3674
-259.996	-260.233	0.216533	-0.321617	53.1122
-258.944	-260.075	0.14625	-0.0702833	53.8123
-253.788	-259.791	0.0222833	-0.123967	54.4183
-257.194	-259.343	0.29655	0.274267	54.887
-265.245	-259.605	0.156667	-0.139883	55.1894
-264.883	-260.347	-0.18515	-0.341817	55.2653
-264.235	-260.461	-0.372533	-0.187383	55.0812
-269.489	-260.931	-0.442083	-0.06955	54.6414
-263.812	-261.134	-0.26245	0.179633	53.8863
-262.731	-261.725	-0.4215	-0.15905	52.8223
-265.706	-262.003	-0.35735	0.06415	51.6328
-266.485	-262.328	-0.39795	-0.0406	50.0384
-260.164	-261.991	-0.0886333	0.309317	48.03
-253.846	-261.376	0.208967	0.2976	45.8776
-255.189	-260.817	0.503567	0.2946	43.5767
-262.707	-260.824	0.388833	-0.114733	41.1286
-282.462	-261.808	-0.1438	-0.532633	38.5788
-267.514	-262.272	-0.484867	-0.341067	35.9532
-260.867	-262.447	-0.540783	-0.0559167	33.2412
-259.088	-262.717	-0.3032	0.237583	30.5101
-247.943	-262.115	0.0523667	0.355567	27.7994
-254.378	-261.886	0.186817	0.13445	25.1406
-251.925	-261.793	0.308033	0.121217	22.5289
-235.834	-260.725	0.46315	0.155117	20.0152
-201.737	-257.55	1.44552	0.982367	17.6101
-163.955	-252.503	3.0966	1.65108	15.258
-120.929	-245.338	5.12903	2.03243	13.1193
-135.798	-238.654	6.29875	1.16972	11.3622
-77.27	-229.326	7.72565	1.4269	10.3367
-101.33	-221.256	8.02723	0.301583	10.2571
-99.207	-212.931	8.57403	0.5468	11.1446
-79.851	-203.6	8.57557	0.00153333	12.9364
-76.217	-194.402	8.95133	0.375767	15.3027
-79.659	-185.693	9.07947	0.128133	17.9909
-80.888	-176.978	8.87392	-0.20555	20.8724
-77.287	-167.707	8.89847	0.02455	23.9289
-84.161	-157.792	9.30037	0.4019	27.1592
-78.469	-148.34	9.5461	0.245733	30.4984
-88.207	-139.707	9.33343	-0.212667	33.8679
-92.941	-131.399	8.79753	-0.5359	37.2431
-98.968	-123.951	8.1297	-0.667833	40.5722
-83.698	-115.417	8.0967	-0.033	43.9206
-93.684	-107.505	7.96493	-0.131767	47.2417
-114.583	-101.442	7.50287	-0.462067	50.4565
-133.024	-98.0063	5.80342	-1.69945	53.4521
-131.278	-96.3725	3.71068	-2.09273	56.1652
-164.595	-98.5558	0.962067	-2.74862	58.4789
-222.565	-102.894	-1.62927	-2.59133	60.3729
-199.499	-109.006	-4.21103	-2.58177	61.8433
-210.291	-114.454	-5.29928	-1.08825	62.9751
-223.307	-120.659	-5.9215	-0.622217	63.7745
-236.045	-128.468	-6.48758	-0.566083	64.252
-255.141	-137.415	-7.65363	-1.16605	64.4323
-262.042	-146.534	-8.62502	-0.971383	64.3641
-261.044	-155.541	-9.02438	-0.399367	64.0805
-267.705	-165.062	-9.21595	-0.191567	63.6066
-273.561	-174.532	-9.3329	-0.11695	62.9963
-271.257	-184.172	-9.54343	-0.210533	62.2816
-266.619	-193.092	-9.34333	0.2001	61.5083
-261.548	-201.523	-8.99678	0.34655	60.7012
-269.35	-210.042	-8.62335	0.373433	59.9
-270.194	-219.367	-8.75808	-0.134733	59.1457
-264.646	-227.915	-8.79733	-0.03925	58.4836
-258.851	-235.128	-8.3621	0.435233	57.9331
-261.755	-241.565	-7.39935	0.96275	57.5033
-265.431	-248.272	-6.78587	0.613483	57.2052
-259.603	-253.023	-5.96487	0.821	56.9861
-262.5	-255.019	-4.48493	1.47993	56.8011
-263.392	-258.214	-3.31393	1.171	56.6902
-258.426	-260.621	-2.53272	0.781217	56.6341
-260.156	-262.463	-2.48128	0.0514333	56.6435
-260.242	-263.673	-1.81968	0.6616	56.692
-261.509	-263.992	-1.12357	0.696117	56.7516
-259.243	-263.852	-0.462767	0.6608	56.8356
-257.423	-263.671	0.000866667	0.463633	56.9959
-258.395	-263.205	0.262167	0.2613	57.2642
-259.559	-262.505	0.448883	0.186717	57.6669
-260.312	-261.958	0.57095	0.122067	58.1768
-261.422	-261.698	0.5024	-0.06855	58.819
-263.526	-261.797	0.236067	-0.266333	59.5494
-261.344	-261.396	0.187083	-0.0489833	60.3265
-269.154	-261.344	0.1178	-0.0692833	61.131
-265.225	-261.373	0.141117	0.0233167	61.925
-267.024	-261.782	-0.128533	-0.26965	62.6795
-256.587	-261.524	-0.0597333	0.0688	63.3449
-263.632	-261.434	-0.0201	0.0396333	63.8852
-264.151	-261.661	0.0403167	0.0604167	64.2585
-261.475	-261.61	-0.0287333	-0.06905	64.4202
-261.632	-261.522	-0.0293833	-0.00065	64.3399
-274.046	-262.303	-0.213917	-0.184533	63.9968
-287.738	-263.682	-0.6907	-0.476783	63.3758
-283.755	-264.858	-1.11192	-0.421217	62.3909
-282.271	-265.896	-1.19762	-0.0857	60.9922
-289.659	-267.416	-1.24485	-0.0472333	59.1828
-275.67	-268.329	-1.15708	0.0877667	56.9909
-278.086	-269.313	-1.13923	0.01785	54.4372
-271.063	-269.889	-0.824033	0.3152	51.6465
-254.123	-269.579	-0.416767	0.407267	48.6851
-234.124	-268.214	0.366383	0.78315	45.6158
-203.583	-265.217	1.55717	1.19078	42.3724
-172.711	-260.785	2.93123	1.37407	38.9722
-129.059	-253.781	4.81118	1.87995	35.4993
-71.899	-244.114	7.03423	2.22305	32.0709
-20.975	-231.812	9.65783	2.6236	28.8343
12.711	-218.347	11.8112	2.15338	26.0177
-45.104	-207.421	12.2312	0.420033	23.8694
-51.831	-196.805	11.6691	-0.56215	22.6343
-60.354	-186.749	10.5328	-1.13628	22.486
-61.867	-176.76	10.2201	-0.312717	23.4157
-66.141	-166.365	10.1465	-0.0735833	25.3144
-70.213	-155.489	10.4199	0.2734	28.0179
-77.768	-145.19	10.5236	0.1037	31.2838
-83.387	-135.245	10.3733	-0.15035	34.886
-85.496	-125.037	10.1506	-0.2227	38.7023
-67.106	-114.609	10.1935	0.04295	42.6594
-75.189	-104.464	10.2604	0.0668833	46.6779
-84.034	-95.1127	9.97483	-0.285567	50.6805
-91.702	-86.9916	9.20578	-0.76905	54.6061
-108.298	-80.7003	7.92127	-1.28452	58.3519
-125.22	-76.7822	6.11017	-1.8111	61.8233
-142.547	-75.2739	3.90588	-2.20428	64.9451
-156.401	-76.641	1.35308	-2.5528	67.6435
-112.259	-78.6591	-0.625633	-1.97872	69.9565
-133.614	-84.291	-3.00568	-2.38005	71.8076
-163.837	-93.1184	-5.49245	-2.48677	73.1588
-178.128	-99.7696	-7.03685	-1.5444	74.1475
-380.57	-116.207	-10.6385	-3.60167	74.5926
-381.973	-132.287	-13.0564	-2.41785	74.62
-391.52	-148.77	-16.3335	-3.27715	74.3243
-365.385	-163.732	-15.8419	0.491583	73.8108
-319.156	-176.18	-14.6307	1.21127	73.1789
-315.542	-188.068	-13.0993	1.53132	72.4797
-319.941	-199.896	-12.0545	1.04483	71.7632
-324.99	-211.871	-11.897	0.157483	71.0737
-335.091	-225.27	-12.4006	-0.503517	70.4922
-333.017	-238.161	-12.7551	-0.354567	70.0699
-395.693	-253.744	-13.9579	-1.20275	69.9071
-398.99	-269.109	-14.6129	-0.65505	70.0777
-309.637	-279.176	-13.6714	0.941483	70.5016
-293.566	-287.593	-11.2829	2.38855	71.134
-320.879	-296.509	-9.13362	2.14927	71.9883
-344.712	-305.925	-8.91648	0.217133	73.0941
-345.168	-317.57	-9.99253	-1.07605	74.5374
-322.42	-327.011	-10.1671	-0.174567	76.2362
-333.764	-335.507	-9.8607	0.3064	78.166
-299.82	-341.592	-8.00708	1.85362	80.2291
-309.184	-338.022	-3.67055	4.33653	82.0783
-315.341	-334.691	0.2721	3.94265	83.7583
-319.432	-331.086	3.50177	3.22967	85.2937
-370.604	-331.347	2.22502	-1.27675	86.8388
-324.006	-331.59	1.03365	-1.19137	88.4079
-293.457	-330.486	0.200267	-0.833383	89.9826
-264.339	-327.706	1.21395	1.01368	91.525
-212.733	-322.093	3.16573	1.95178	92.9547
-310.646	-320.87	3.20507	0.0393333	94.3508
-318.088	-320.124	2.52718	-0.677883	95.674
-322.448	-316.462	1.87698	-0.6502	96.8254
-324.425	-312.733	2.71232	0.835333	97.7826
-325.723	-313.538	2.1954	-0.516917	98.6112
-326.755	-315.197	0.4215	-1.7739	99.2886
-327.596	-315.533	-0.9332	-1.3547	99.7441
-330.294	-314.812	-0.4248	0.5084	99.926
-328.011	-313.954	0.4143	0.8391	99.7997
-279.082	-311.787	1.24855	0.83425	99.2979
-252.127	-307.706	2.36887	1.12032	98.3434
-247.668	-305.098	2.95212	0.58325	96.9155
-254.236	-302.351	3.14562	0.1935	94.9773
-326.218	-302.894	1.60372	-1.5419	92.5416
-326.08	-303.227	0.623717	-0.98	89.5971
-310.195	-300.206	0.714733	0.0910167	86.1296
-306.742	-299.343	1.18375	0.469017	82.1979
-300.344	-299.687	1.17977	-0.00398333	77.8809
-297.176	-301.329	-0.374333	-1.5541	73.1584
-300.464	-305.716	-2.12425	-1.74992	68.1753
-293.167	-304.842	-1.71815	0.4061	63.0195
-294.707	-303.673	-0.781183	0.936967	57.5195
-289.705	-302.036	1.22672	2.0079	52.2524
-246.289	-298.129	2.23767	1.01095	47.2375
-249.097	-294.298	3.12508	0.887417	42.5707
-251.324	-290.526	3.83655	0.711467	38.2316
-248.312	-286.562	3.85568	0.0191333	34.1276
-277.656	-283.93	3.45588	-0.3998	30.2759
-257.812	-280.42	3.36868	-0.0872	26.7576
-161.145	-274.523	4.0129	0.644217	23.7461
-120.877	-267.961	5.3231	1.3102	21.5471
-115.418	-261.348	6.35728	1.03418	20.3096
-110.33	-254.153	6.7901	0.432817	20.2887
-112.742	-243.479	8.16053	1.37043	21.498
-115.345	-232.942	9.46862	1.30808	23.5037
-111.046	-222.985	10.3893	0.920717	26.0322
-102.852	-212.79	10.2296	-0.159767	28.9336
-95.553	-202.551	10.1305	-0.0990667	32.0631
-84.284	-191.906	10.3596	0.22905	35.2996
-74.546	-180.61	10.7267	0.367133	38.5948
-65.984	-169.251	11.0999	0.3732	41.8904
-73.568	-158.194	11.2373	0.13745	45.1662
-80.753	-147.747	10.9546	-0.282767	48.5877
-83.362	-139.6	9.88363	-1.07093	52.0036
-97.123	-132.002	8.73088	-1.15275	55.3917
-94.382	-124.155	7.86405	-0.866833	58.6914
-105.252	-117.002	7.53293	-0.331117	61.871
-93.541	-107.796	8.06862	0.535683	65.06
-114.704	-100.64	7.83805	-0.230567	68.1894
-120.524	-98.6093	6.13073	-1.70732	71.0923
-131.565	-99.1437	2.88402	-3.24672	73.6126
-124.586	-99.6021	0.346083	-2.53793	75.7878
-153.499	-101.761	-1.05042	-1.3965	77.6483
-205.324	-106.39	-2.41532	-1.3649	79.1528
-370.107	-119.128	-6.50855	-4.09323	80.0225
-393.155	-133.233	-10.4909	-3.98233	80.3019
-387.071	-147.444	-13.6848	-3.19395	80.1084
-392.353	-162.284	-14.3855	-0.700633	79.5395
-396.95	-177.917	-14.8947	-0.509283	78.6743
-354.027	-191.892	-14.8158	0.0789667	77.6428
-346.072	-205.896	-14.5372	0.278533	76.5654
-334.124	-218.924	-13.6688	0.8685	75.4797
-326.542	-231.213	-13.1072	0.561533	74.4505
-317.81	-242.936	-12.3466	0.760667	73.4503
-359.934	-256.076	-12.3841	-0.0375833	72.5527
-362.425	-269.478	-12.755	-0.3709	71.9108
-306.896	-279.56	-12.2083	0.546733	71.4661
-308.787	-290.323	-11.4155	0.79275	71.2393
-307.954	-299.985	-10.169	1.24655	71.2045
-311.357	-309.527	-9.98882	0.180183	71.3105
-312.04	-318.551	-9.4093	0.579517	71.7055
-312.112	-327.927	-9.3139	0.0954	72.4239
-368.265	-338.665	-9.71278	-0.398883	73.5349
-365.932	-346.696	-9.38167	0.331117	74.9983
-370.77	-346.729	-6.26728	3.11438	76.5069
-316.769	-342.91	-1.41475	4.85253	77.9198
-368.657	-341.989	1.56895	2.9837	79.3383
-310.529	-337.898	2.94373	1.37478	80.6359
-320.2	-334.06	2.9498	0.00606667	81.843
-399.065	-336.312	1.89227	-1.05753	83.1675
-336.655	-335.841	0.685483	-1.20678	84.5215
-328.016	-335.536	-0.491883	-1.17737	85.8926
-313.163	-334.867	0.481733	0.973617	87.2586
-304.524	-334.202	0.546217	0.0644833	88.6178
-304.794	-331.445	1.36342	0.8172	89.8834
-233.814	-325.015	3.28395	1.92053	90.9472
-220.265	-320.683	4.50637	1.22242	91.8391
-387.295	-324.609	2.2789	-2.22747	92.6941
-395.76	-328.999	-1.32805	-3.60695	93.4776
-392.833	-333.073	-4.12983	-2.80178	94.1307
-330.103	-333.976	-3.12242	1.00742	94.539
-325.378	-334.639	-1.88008	1.24233	94.654
-315.764	-332.014	0.352867	2.23295	94.3788
-379.053	-332.67	0.435233	0.0823667	93.7804
-295.734	-328.919	1.90693	1.4717	92.7605
-297.243	-327.942	1.35735	-0.549583	91.3181
-297.034	-324.361	2.76975	1.4124	89.388
-291.169	-323.393	1.84182	-0.927933	86.8748
-280.785	-321.422	2.1733	0.331483	83.7541
-272.897	-315.114	3.08238	0.909083	80.1163
-276.865	-312.124	3.75622	0.673833	76.0601
-305.433	-310.995	3.47568	-0.280533	71.5378
-297.566	-310.215	1.63283	-1.84285	66.5597
-304.22	-310.2	0.6414	-0.991433	61.1821
-290.18	-309.47	0.508583	-0.132817	55.8336
-309.339	-313.246	-1.01012	-1.5187	50.6282
-326.732	-318.569	-2.78963	-1.77952	45.5985
-329.934	-315.701	-2.07718	0.71245	40.7692
-251.001	-308.463	1.59422	3.6714	36.2533
-244.061	-301.025	5.8482	4.25398	32.0521
-243.317	-296.685	6.33862	0.490417	28.2647
-244.227	-292.628	5.27848	-1.06013	24.9361
-246.508	-289.165	3.95322	-1.32527	22.1304
-247.804	-282.602	4.69427	0.74105	20.0477
-247.657	-280.199	4.14303	-0.551233	18.7897
-245.964	-277.635	3.84342	-0.299617	18.3901
-242.625	-274.914	2.56275	-1.28067	18.6006
-240.878	-272.4	2.59965	0.0369	19.3106
-235.514	-270.136	2.49952	-0.100133	20.3159
-233	-268.141	2.25765	-0.241867	21.4602
-239.252	-266.261	2.04635	-0.2113	22.6167
-236.639	-262.821	2.4384	0.39205	23.7528
-231.112	-259.498	2.88102	0.442617	24.7375
-231.99	-255.887	3.45797	0.57695	25.5443
-235.183	-253.137	3.22802	-0.22995	26.3155
-237.125	-249.526	3.32402	0.096	27.1902
-236.449	-245.012	3.6249	0.300883	28.1258
-239.049	-240.468	4.22303	0.598133	29.1943
-240.717	-239.954	3.19087	-1.03217	30.2068
-245.151	-240.008	1.66798	-1.52288	31.0196
-230.161	-239.35	0.3725	-1.29548	31.7304
-243.991	-239.338	0.205033	-0.167467	32.3184
-241.728	-239.099	0.302867	0.0978333	32.8078
-244.825	-238.951	0.13325	-0.169617	33.2014
-244.702	-238.803	0.178567	0.0453167	33.5561
-242.609	-238.635	0.154817	-0.02375	33.9605
-250.471	-239.027	-0.0256	-0.180417	34.352
-245.564	-239.262	-0.15295	-0.12735	34.5719
-244.665	-239.719	-0.361383	-0.208433	34.5858
-248.36	-240.487	-0.486617	-0.125233	34.3726
-247.049	-240.877	-0.538467	-0.05185	34.0202
-242.886	-241.189	-0.490067	0.0484	33.5317
-237.936	-241.531	-0.3478	0.142267	33.0137
-227.677	-241.315	-0.145967	0.201833	32.3675
-200.839	-239.598	0.53055	0.676517	31.7751
-191.884	-237.336	1.3983	0.86775	31.1522
-86.542	-229.84	3.82487	2.42657	30.7166
-55.064	-220.641	6.31888	2.49402	30.4467
-149.653	-216.088	7.0826	0.763717	30.2498
21.249	-202.768	9.02415	1.94155	30.6044
-93.232	-195.921	8.23988	-0.784267	31.1638
-91.48	-188.296	9.264	1.02412	31.8971
-94.953	-180.957	7.27025	-1.99375	32.7735
-89.438	-173.188	7.57788	0.307633	33.7774
-97.566	-165.831	7.4883	-0.0895833	34.9009
-101.073	-158.754	7.40098	-0.0873167	35.9559
-121.443	-152.303	6.96167	-0.439317	36.8199
-146.512	-147.35	6.16027	-0.8014	37.7249
-143.802	-142.307	5.48238	-0.677883	38.8372
-127.268	-136.252	5.35012	-0.132267	40.1925
-122.733	-130.037	5.77118	0.421067	41.6756
-123.088	-124.047	6.08677	0.315583	43.2545
-121.522	-118.226	6.0088	-0.0779667	44.8937
-38.425	-108.763	7.09107	1.08227	46.8415
-55	-101.471	7.52508	0.434017	48.8599
-90.103	-96.3824	7.2812	-0.243883	50.8412
-115.506	-97.8306	3.64427	-3.63693	52.5066
-135.29	-101.842	-0.123483	-3.76775	53.795
-134.297	-101.074	-1.5639	-1.44042	54.9266
-337.875	-119.03	-7.06657	-5.50267	55.307
-396.692	-134.203	-10.7871	-3.72057	55.191
-339.129	-146.586	-15.1706	-4.38342	54.7945
-330.059	-158.341	-13.1036	2.06697	54.209
-343.473	-171.043	-12.2798	0.82375	53.5103
-337.265	-183.028	-12.1473	0.1325	52.7624
-332.28	-194.588	-12.0824	0.0649833	52.0586
-270.872	-202.06	-10.3389	1.74343	51.4607
-272.369	-208.352	-8.44155	1.89737	50.9886
-269.077	-214.616	-6.67602	1.76553	50.5785
-269.176	-221.712	-6.55067	0.12535	50.251
-262.691	-228.709	-6.78568	-0.235017	50.0449
-260.063	-235.558	-6.98068	-0.195	49.9661
-258.761	-242.42	-6.90287	0.0778167	50.0397
-268.701	-253.934	-8.40817	-1.5053	50.4034
-260.085	-264.188	-9.54333	-1.13517	51.0599
-254.875	-272.427	-10.0022	-0.458883	51.9657
-262.273	-279.765	-8.6104	1.39182	53.0851
-243.42	-285.172	-6.99448	1.61592	54.352
-234.832	-290.198	-5.92387	1.07062	55.7439
-243.055	-285.457	-1.89742	4.02645	56.9088
-245.569	-277.901	2.42347	4.32088	57.7939
-250.06	-273.448	5.58353	3.16007	58.5237
-248.398	-269.365	5.36422	-0.219317	59.1229
-248.752	-264.629	4.42418	-0.940033	59.5968
-250.107	-260.271	4.39233	-0.03185	59.9899
-253.015	-256.308	4.3524	-0.0399333	60.3263
-256.485	-255.588	3.0135	-1.3389	60.7413
-257.812	-254.86	1.80348	-1.21002	61.2264
-261.768	-254.495	0.604217	-1.19927	61.7267
-267.47	-254.41	0.392867	-0.21135	62.2671
-272.975	-254.924	-0.02115	-0.414017	62.7985
-270.525	-255.447	-0.317333	-0.296183	63.2959
-266.777	-255.848	-0.479367	-0.162033	63.7313
-259.932	-255.409	-0.161817	0.31755	64.0603
-258.07	-255.308	0.0461333	0.20795	64.265
-260.738	-255.602	0.0820167	0.0358833	64.3278
-257.365	-255.356	0.0176667	-0.06435	64.2232
-326.467	-259.509	-1.40003	-1.4177	64.0198
-270.727	-261.303	-1.90057	-0.500533	63.6562
-262.641	-262.283	-2.3088	-0.408233	63.0699
-249.988	-262.504	-0.998333	1.31047	62.2105
-250.79	-262.54	-0.41225	0.586083	61.0415
-253.982	-262.819	-0.178883	0.233367	59.5252
-271.856	-263.974	-0.4903	-0.311417	57.4683
-270.542	-264.996	-0.818717	-0.328417	54.8427
-270.807	-265.886	-1.02218	-0.203467	51.6259
-270.589	-266.591	-0.872183	0.15	48.0487
-274.701	-267.435	-0.813083	0.0591	44.19
-261.168	-267.405	-0.50655	0.306533	39.6296
-252.683	-266.666	-0.0250333	0.481517	35.546
-262.277	-266.131	0.43475	0.459783	31.8286
-260.531	-265.632	0.591317	0.156567	28.3444
-255.363	-265.061	0.5351	-0.0562167	25.0935
-255.086	-264.819	0.437567	-0.0975333	22.2011
-255.421	-264.686	0.31515	-0.122417	19.6823
-255.336	-264.416	0.21495	-0.1002	17.5703
-255.571	-264.326	0.164083	-0.0508667	15.6353
-259.012	-260.954	1.24418	1.0801	13.8144
-258.261	-260.33	1.36192	0.117733	12.1489
-257.106	-260.053	1.42427	0.06235	10.7361
-257.406	-260.424	0.176383	-1.24788	9.60765
-257.051	-260.737	-0.135733	-0.312117	8.78147
-256.654	-260.871	-0.272517	-0.136783	8.26079
-266.834	-260.62	-0.0651833	0.207333	8.15254
-262.54	-260.22	0.172533	0.237717	8.1695
-262.262	-259.793	0.359483	0.18695	8.09716
-261.337	-259.33	0.429983	0.0705	7.78333
-254.783	-258.334	0.628583	0.1986	7.15264
-253.099	-257.931	0.62065	-0.00793333	6.0073
-257.823	-258.188	0.380783	-0.239867	5.01456
-258.769	-258.012	0.107283	-0.2735	4.4571
-261.431	-258.057	-0.0422	-0.149483	4.11336
-263.078	-258.443	-0.0851167	-0.0429167	3.93976
-261.935	-258.785	-0.257733	-0.172617	3.90488
-261.098	-259.069	-0.33735	-0.0796167	3.90977
-260.883	-259.347	-0.301217	0.0361333	3.86825
-262.739	-259.705	-0.306533	-0.00531667	3.80582
-263.395	-259.924	-0.284967	0.0215667	3.71819
-264.238	-260.223	-0.292133	-0.00716667	3.61202
-266.945	-260.715	-0.33665	-0.0445167	3.49442
-267.195	-261.204	-0.42675	-0.0901	3.38718
-265.793	-261.642	-0.472833	-0.0460833	3.29137
-246.143	-261.116	-0.133667	0.339167	3.20182
-256.54	-260.601	0.20105	0.334717	3.09159
-398.752	-267.412	-1.92345	-2.1245	3.07916
-421.218	-275.36	-4.7479	-2.82445	3.51579
-187.91	-271.688	-3.69568	1.05222	3.63673
-202.242	-269.061	-0.5498	3.14588	3.73153
-236.2	-268.216	2.38112	2.93092	3.80993
-244.736	-267.562	1.37545	-1.00567	3.86984
-153.329	-262.29	2.2571	0.88165	3.87028
-145.608	-256.499	3.90583	1.64873	3.96929
-130.263	-249.858	5.9013	1.99547	4.35559
-118.877	-242.705	6.52827	0.626967	5.14865
-123.665	-235.834	6.88843	0.360167	6.29817
-116.874	-228.633	7.075	0.186567	7.75808
-122.528	-221.623	7.02755	-0.04745	9.44197
-125.115	-214.709	7.04167	0.0141167	11.2894
-135.732	-208.283	6.78328	-0.258383	13.2433
-130.339	-201.453	6.7232	-0.0600833	15.326
-124.469	-194.317	6.7973	0.0741	17.5355
-118.787	-186.966	7.10563	0.308333	19.8656
-129.759	-181.147	6.7686	-0.337033	22.2007
-148.765	-175.758	6.18608	-0.582517	24.5151
-160.653	-163.853	7.7043	1.51822	27.2033
-175.24	-151.555	9.8642	2.1599	30.2384
-177.896	-151.054	8.23485	-1.62935	32.8699
-171.877	-149.536	4.77262	-3.46223	35.2797
-185.698	-147.01	1.51468	-3.25793	37.5319
-191.51	-144.349	2.23488	0.7202	39.652
-206.137	-146.99	0.848667	-1.38622	41.4183
-243.415	-151.88	-1.62315	-2.47182	42.8005
-254.177	-158.076	-4.57548	-2.95233	43.8189
-253.121	-164.788	-5.93275	-1.35727	44.5234
-245.641	-170.887	-6.33557	-0.402817	44.984
-250.032	-177.545	-6.48963	-0.154067	45.2285
-256.645	-184.25	-6.48752	0.00211667	45.2951
-261.214	-191.055	-6.7229	-0.235383	45.2262
-263.7	-197.454	-6.6364	0.0865	45.0495
-267.523	-204.313	-6.68752	-0.0511167	44.7785
-274.919	-211.835	-6.9267	-0.239183	44.4479
-279.819	-219.887	-7.47777	-0.551067	44.0882
-277.571	-227.278	-7.6549	-0.177133	43.727
-275.592	-233.619	-7.26118	0.393717	43.3879
-273.374	-239.255	-6.456	0.805183	43.0876
-271.165	-244.051	-5.59122	0.864783	42.8338
-270.328	-248.673	-5.01797	0.57325	42.6356
-268.912	-253.525	-4.75653	0.261433	42.512
-267.436	-257.612	-4.52008	0.23645	42.4586
-265.959	-261.334	-4.22037	0.299717	42.4719
-264.549	-264.255	-3.57665	0.643717	42.5396
-260.962	-265.132	-2.5068	1.06985	42.618
-259.801	-265.413	-1.35972	1.14708	42.7138
-260.409	-265.778	-0.50765	0.852067	42.8286
-259.582	-266.475	-0.44755	0.0601	42.8062
-260.015	-266.974	-0.5202	-0.07265	42.5884
-260.797	-267.181	-0.467933	0.0522667	42.4743
-258.613	-267.051	-0.192233	0.2757	42.4246
-259.776	-266.855	0.03955	0.231783	42.3912
-256.312	-266.295	0.2956	0.25605	42.3604
-256.641	-265.381	0.556883	0.261283	42.4309
-253.98	-264.089	0.922133	0.36525	42.5905
-253.289	-262.875	1.13998	0.21785	42.8377
-252.946	-261.742	1.21278	0.0728	43.1573
-251.253	-260.636	1.15082	-0.0619667	43.5198
-249.954	-259.576	1.09963	-0.0511833	43.9018
-248.732	-258.496	1.08213	-0.0175	44.2741
-252.962	-257.698	0.979283	-0.10285	44.6147
-256.58	-257.156	0.8067	-0.172583	44.9029
-255.827	-256.649	0.615633	-0.191067	45.1112
-251.144	-255.979	0.573217	-0.0424167	45.2046
-245.769	-255.219	0.6455	0.0722833	45.1462
-242.427	-254.35	0.7662	0.1207	44.9286
-244.001	-253.53	0.81625	0.05005	44.5354
-247.803	-252.941	0.75935	-0.0569	43.7596
-263.759	-253.128	0.407383	-0.351967	42.4789
-267.306	-253.454	0.0254333	-0.38195	41.0413
-277.123	-254.379	-0.479383	-0.504817	39.3895
-277.055	-255.243	-0.704967	-0.225583	37.4373
-281.322	-256.494	-1.01332	-0.30835	35.1156
-277.19	-257.521	-1.0473	-0.0339833	32.6395
-270.611	-258.353	-1.0365	0.0108	30.1111
-268.779	-259.127	-0.877833	0.158667	27.6007
-273.715	-260.166	-0.8815	-0.00366667	25.1464
-270.558	-261.131	-0.926067	-0.0445667	22.7134
-264.539	-261.86	-0.910983	0.0150833	20.3391
-261.19	-262.483	-0.772467	0.138517	18.0337
-258.441	-262.757	-0.542033	0.230433	15.8109
-257.651	-262.81	-0.3168	0.225233	13.6478
-257.597	-262.899	-0.138667	0.178133	11.5922
-261.105	-263.397	-0.213367	-0.0747	9.7322
-264.004	-264.309	-0.499433	-0.286067	8.17325
-259.846	-265.18	-0.76025	-0.260817	6.92818
-262.087	-266.084	-0.895667	-0.135417	5.97371
-264.251	-266.906	-0.865883	0.0297833	5.30128
-265.848	-267.011	-0.610383	0.2555	4.85735
-264.276	-266.859	-0.25845	0.351933	4.62041
-261.646	-266.086	0.273633	0.532083	4.54612
-264.076	-265.437	0.524767	0.251133	4.55161
-266.474	-264.694	0.721733	0.196967	4.57426
-272.386	-264.454	0.54385	-0.177883	4.57674
-272.036	-264.525	0.303783	-0.240067	4.56793
-280.128	-265.093	-0.132833	-0.436617	4.56266
-240.005	-263.407	0.348933	0.481767	4.53012
-237.309	-261.745	0.926833	0.5779	4.47319
-226.046	-259.82	1.75753	0.8307	4.40501
-176.739	-255.598	2.60322	0.845683	4.38947
-184.562	-251.904	3.28038	0.677167	4.48165
-174.463	-247.744	4.0253	0.744917	4.7455
-162.038	-242.966	4.21043	0.185133	5.25227
-149.716	-237.397	4.8356	0.625167	6.05956
-139.395	-231.166	5.52595	0.69035	7.18421
-130.677	-224.708	6.08612	0.560167	8.58204
-123.167	-217.762	6.54497	0.45885	10.2327
-115.349	-210.317	6.94985	0.404883	12.1222
-122.629	-203.156	7.18402	0.234167	14.1837
-92.209	-194.552	7.73647	0.55245	16.4907
-121.031	-187.522	7.59835	-0.138117	18.8899
-129.721	-180.804	7.45062	-0.147733	21.3494
-135.204	-174.24	6.77067	-0.67995	23.8545
-141.191	-167.681	6.61367	-0.157	26.4027
-155.682	-161.863	6.31365	-0.300017	28.9484
-161.546	-155.934	6.10218	-0.211467	31.5021
-169.448	-152.406	5.09155	-1.01063	33.937
-183.758	-149.729	4.04483	-1.04672	36.2307
-201.051	-148.479	2.48505	-1.55978	38.3323
-126.324	-145.958	2.14935	-0.3357	40.3228
-166.055	-145.033	1.56528	-0.584067	42.139
-196.875	-146.153	0.775167	-0.790117	43.718
-277.442	-151.923	-1.98848	-2.76365	44.9175
-359.297	-162.403	-5.78995	-3.80147	45.6597
-376.067	-174.236	-9.36095	-3.571	46.01
-270.241	-181.214	-9.76362	-0.402667	46.1469
-258.395	-187.976	-8.5244	1.23922	46.1046
-260.048	-195.211	-6.99152	1.53288	45.9087
-261.612	-202.16	-6.98183	0.00968333	45.5974
-264.795	-210.789	-7.60447	-0.622633	45.1949
-263.699	-217.923	-7.57062	0.03385	44.7495
-260.103	-224.442	-7.42727	0.14335	44.2935
-261.262	-230.745	-6.6518	0.775467	43.8505
-262.293	-236.8	-6.29237	0.359433	43.4334
-262.985	-242.165	-5.90772	0.38465	43.0457
-260.249	-247.1	-5.4518	0.455917	42.6986
-261.363	-251.696	-4.96535	0.48645	42.3995
-261.176	-255.567	-4.46727	0.498083	42.1483
-261.133	-258.571	-3.82358	0.643683	41.9532
-261.423	-265.326	-4.54332	-0.719733	41.9152
-260.768	-270.061	-4.83157	-0.28825	42.0174
-260.798	-273.257	-4.89558	-0.0640167	42.222
-259.88	-272.379	-2.35123	2.54435	42.4186
-258.361	-267.333	0.909583	3.26082	42.4883
-258.036	-261.431	3.94215	3.03257	42.4176
-257.908	-260.814	3.855	-0.08715	42.3197
-257.89	-260.789	2.18115	-1.67385	42.2606
-257.413	-260.657	0.257883	-1.92327	42.2364
-257.664	-260.46	0.118133	-0.13975	42.2503
-256.792	-260.06	0.2431	0.124967	42.342
-255.938	-259.672	0.328533	0.0854333	42.4932
-255.864	-259.46	0.333383	0.00485	42.7072
-255.854	-259.189	0.290133	-0.04325	42.9807
-254.459	-258.798	0.29135	0.00121667	43.3056
-253.827	-258.34	0.373333	0.0819833	43.667
-252.665	-257.961	0.4096	0.0362667	44.0446
-251.414	-257.463	0.44485	0.03525	44.4116
-256.232	-257.216	0.374617	-0.0702333	44.7427
-258.895	-257.104	0.285517	-0.0891	45.0093
-262.451	-257.155	0.102567	-0.18295	45.1661
-262.71	-257.253	-0.0122	-0.114767	45.1926
-263.38	-257.382	-0.0925333	-0.0803333	45.0602
-260.668	-257.421	-0.0885333	0.004	44.7356
-261.244	-257.565	-0.104217	-0.0156833	44.1817
-259.967	-257.662	-0.0933667	0.01085	43.3757
-250.116	-257.272	0.0496333	0.143	42.2612
-251.011	-256.928	0.212333	0.1627	40.8761
-252.092	-256.662	0.3332	0.120867	39.2137
-254.126	-256.485	0.2623	-0.0709	37.2944
-253.374	-256.314	0.204617	-0.0576833	35.0035
-250.891	-256.062	0.20005	-0.00456667	32.3445
-251.164	-255.827	0.219417	0.0193667	29.352
-251.245	-255.597	0.239267	0.01985	26.2611
-254.992	-255.623	0.146267	-0.093	23.3951
-254.64	-255.664	0.0543833	-0.0918833	20.8966
-254.512	-255.756	-0.0532167	-0.1076	18.4731
-253.285	-255.85	-0.0755167	-0.0223	16.1188
-253.819	-255.729	-0.02175	0.0537667	13.8817
-250.578	-255.313	0.14765	0.1694	11.7596
-256.377	-255.01	0.280067	0.132417	9.93267
-255.684	-254.658	0.35695	0.0768833	8.33842
-256.603	-254.319	0.331283	-0.0256667	6.98107
-250.663	-253.819	0.3968	0.0655167	5.9047
-247.286	-253.121	0.512333	0.115533	5.1523
-245.536	-252.4	0.6399	0.127567	4.70864
-248.693	-252.329	0.496867	-0.143033	4.51803
-248.615	-252.209	0.304167	-0.1927	4.50386
-250.194	-252.114	0.0952833	-0.208883	4.56948
-268.211	-252.818	-0.163183	-0.258467	4.62864
-253.17	-252.808	-0.199717	-0.0365333	4.56381
-209.997	-250.763	0.450217	0.649933	4.31572
-203.821	-248.396	1.47402	1.0238	3.86472
-219.643	-246.816	1.99732	0.5233	3.44727
-223.548	-245.244	1.83982	-0.1575	3.42772
-241.812	-244.602	1.26457	-0.57525	3.68607
-148.385	-239.296	2.50665	1.24208	4.261
-79.984	-230.631	4.87093	2.36428	5.40165
-59.582	-220.919	7.89442	3.02348	7.10021
-29.655	-209.873	9.80768	1.91327	9.32703
-11.351	-197.622	11.0031	1.19542	12.0466
3.272	-184.674	12.0817	1.07865	15.1927
-49.898	-174.339	11.8448	-0.236967	18.455
-57.071	-164.659	10.9875	-0.857233	21.7833
-63.649	-155.477	9.73223	-1.25532	25.1494
-63.609	-146.381	9.31927	-0.412967	28.5558
-65.299	-137.211	9.1493	-0.169967	32.0088
-76.41	-128.601	8.95877	-0.190533	35.4732
-93.854	-120.784	8.53232	-0.42645	38.9024
-85.616	-111.654	8.519	-0.0133167	42.3767
-63.436	-102.167	8.81115	0.29215	45.9054
-40.588	-93.6969	9.02897	0.217817	49.4227
-36.891	-85.3504	8.76788	-0.261083	52.9193
-46.247	-76.6806	8.49558	-0.2723	56.4103
-36.661	-67.3363	8.78688	0.2913	59.9216
-47.797	-57.6356	9.2383	0.451417	63.461
-75.214	-53.977	7.56788	-1.67042	66.7444
-102.444	-55.1	4.07877	-3.48912	69.5944
-93.969	-56.8194	0.272067	-3.8067	72.0432
-122.766	-61.4749	-2.4993	-2.77137	74.0297
-159.24	-68.8693	-4.58978	-2.09048	75.5219
-326.599	-85.3629	-9.51452	-4.92473	76.3341
-204.719	-93.1039	-10.543	-1.0285	76.8005
-190.059	-99.7533	-10.2947	0.24835	76.9862
-223.682	-107.755	-7.46403	2.83063	76.8912
-238.254	-116.487	-7.79443	-0.3304	76.5382
-230.792	-124.762	-8.33618	-0.54175	75.9674
-215.047	-131.694	-7.97958	0.3566	75.2225
-215.298	-137.766	-7.0929	0.886683	74.3367
-216.367	-144.304	-6.51387	0.579033	73.3316
-216.643	-151.964	-6.7567	-0.242833	72.2203
-210.636	-160.466	-7.56677	-0.810067	71.029
-207.096	-168.976	-8.22433	-0.657567	69.7884
-206.038	-176.966	-8.33407	-0.109733	68.5319
-207.832	-185.525	-8.35278	-0.0187167	67.2994
-206.36	-193.453	-8.15875	0.194033	66.1191
-204.865	-199.935	-7.65642	0.502333	64.9825
-203.849	-205.006	-6.49365	1.16277	63.8899
-203.34	-210.474	-5.67378	0.819867	62.863
-207.085	-214.69	-4.91825	0.755533	61.8676
-204.516	-216.954	-3.98277	0.935483	60.8948
-202.133	-210.731	-0.0854833	3.89728	59.8351
-218.652	-211.427	1.08762	1.1731	58.8403
-211.851	-212.517	1.47902	0.3914	57.8966
-207.594	-211.712	-0.327283	-1.8063	56.9648
-199.442	-209.772	0.5518	0.879083	55.9882
-208.286	-208.647	1.2901	0.7383	55.1429
-197.344	-207.761	1.31702	0.0269167	54.5392
-217.669	-207.88	0.630633	-0.686383	54.2133
-220.555	-208.089	0.185733	-0.4449	54.1721
-219.832	-208.249	-0.162467	-0.3482	54.3934
-220.653	-208.75	-0.2899	-0.127433	54.834
-224.911	-209.64	-0.517017	-0.227117	55.406
-217.371	-210.207	-0.65275	-0.135733	56.0482
-223.716	-211.001	-0.750533	-0.0977833	56.7195
-197.853	-210.576	-0.311833	0.4387	57.3526
-231.326	-211.899	-0.563967	-0.252133	57.9438
-230.386	-213.226	-0.741517	-0.17755	58.455
-201.304	-213.124	-0.849367	-0.10785	58.8282
-231.958	-214.368	-0.8229	0.0264667	59.0358
-232.018	-215.743	-0.838983	-0.0160833	59.0257
-226.38	-216.955	-1.27703	-0.43805	58.7637
-231.334	-217.589	-1.07385	0.203183	58.1906
-230.843	-218.539	-0.932017	0.141833	57.2433
-201.765	-218.247	-0.43075	0.501267	55.8006
-213.248	-218.938	-0.449483	-0.0187333	53.7604
-229.412	-219.994	-0.48505	-0.0355667	51.2809
-225.504	-221.402	-1.05153	-0.566483	48.53
-231.413	-222.089	-1.0505	0.00103333	45.4788
-232.671	-222.695	-0.900333	0.150167	42.2424
-231.185	-223.263	-0.620217	0.280117	38.9569
-205.906	-222.525	-0.145367	0.47485	36.1643
-214.976	-222.028	0.22215	0.367517	33.4011
-236.6	-222.99	0.0908833	-0.131267	30.6303
-233.705	-223.489	-0.321383	-0.412267	27.9323
-234.599	-225.327	-1.0994	-0.778017	25.394
-225.018	-225.011	-0.673783	0.425617	22.9729
-234.589	-225.221	-0.57735	0.0964333	20.6062
-235.305	-226.921	-0.5316	0.04575	18.2659
-229.768	-226.812	-0.600233	-0.0686333	15.9497
-221.765	-226.299	-0.3593	0.240933	13.7462
-240.58	-227.009	-0.0292833	0.330017	11.7852
-239.732	-227.429	-0.20575	-0.176467	10.1208
-231.327	-227.453	-0.3847	-0.17895	8.76523
-238.979	-229.314	-0.768267	-0.383567	7.88024
-232.942	-230.299	-0.956533	-0.188267	7.42176
-235.804	-230.618	-1.055	-0.0984667	7.2516
-237.208	-231.204	-0.629833	0.425167	7.26782
-236.766	-231.471	-0.390817	0.239017	7.4177
-235.082	-231.592	-0.324467	0.06635	7.61602
-230.864	-231.576	-0.12405	0.200417	7.81384
-234.047	-232.983	-0.50385	-0.3798	7.95169
-202.049	-232.336	-0.248217	0.255633	8.05802
-231.978	-232.105	-0.176533	0.0716833	8.15754
-233.416	-232.091	0.2973	0.473833	8.21978
-225.403	-231.631	0.235117	-0.0621833	8.19997
-221.164	-231.438	0.222317	-0.0128	8.11741
-222.99	-230.858	0.410817	0.1885	7.96408
-211.697	-229.678	0.651017	0.2402	7.76176
-272.979	-231.839	-0.1334	-0.784417	7.581
-277.305	-234.616	-1.25238	-1.11898	7.44396
-286.453	-236.909	-2.4104	-1.15802	7.36024
-292.501	-239.548	-2.5697	-0.1593	7.36703
-296.484	-242.806	-2.72998	-0.160283	7.48735
-292.315	-245.472	-2.85437	-0.124383	7.70791
-288.574	-248.254	-2.90208	-0.0477167	7.98519
-278.201	-250.374	-2.52275	0.379333	8.34769
-273.839	-252.205	-2.24433	0.278417	8.77137
-288.887	-254.811	-2.18582	0.0585167	9.24319
-278.231	-256.969	-2.19835	-0.0125333	9.7767
-267.988	-258.825	-2.20657	-0.00821667	10.3515
-235.492	-258.897	-1.36197	0.8446	10.8659
-162.07	-256.898	0.0235	1.38547	11.2226
-134.439	-252.021	2.26788	2.24438	11.3602
-50.979	-242.9	5.33258	3.0647	11.2306
14.055	-230.927	8.65723	3.32465	11.0373
3.039	-219.717	10.7683	2.11107	11.0444
10.526	-208.041	11.6196	0.851317	11.4988
17.115	-196.6	11.4422	-0.177433	12.524
21.891	-181.857	12.62	1.17778	14.3797
27.316	-166.626	13.8051	1.18508	17.0415
32.561	-150.675	15.3084	1.50337	20.4158
38.495	-134.125	15.9105	0.6021	24.4088
43.81	-117.11	16.5051	0.59455	28.9338
45.673	-100.211	16.8213	0.316233	33.8724
60.417	-82.7614	17.1212	0.299917	39.1841
67.802	-65.4613	17.2164	0.09515	44.7952
79.669	-47.7859	17.475	0.258667	50.6824
71.298	-29.7766	17.6616	0.186567	56.8156
54.199	-13.1551	17.4354	-0.226217	63.0787
-1.484	0.1701	15.9853	-1.45007	69.2652
-6.852	11.6021	13.7929	-2.19242	75.2801
-2.895	19.5609	10.9053	-2.88758	80.9711
-35.615	24.502	8.11065	-2.79467	86.2433
-74.034	23.3493	3.91573	-4.19492	90.8611
-94.009	17.9461	-0.53825	-4.45398	94.7514
-129.904	11.2989	-4.40103	-3.86278	97.9814
-149.027	3.3213	-6.676	-2.27497	100.593
-162.609	-5.6649	-7.87033	-1.19433	102.64
-172.731	-15.396	-8.89832	-1.02798	104.175
-236.462	-28.5849	-10.6354	-1.73708	105.181
-254.327	-42.9293	-12.4215	-1.78607	105.69
-262.388	-57.9734	-14.1925	-1.77102	105.799
-274.345	-73.8812	-15.0988	-0.906283	105.563
-275.418	-89.9358	-15.6688	-0.57005	105.052
-278.25	-106.869	-16.2986	-0.629733	104.342
-285.481	-124.533	-16.884	-0.585467	103.501
-247.208	-140.877	-16.9804	-0.0964333	102.616
-280.357	-158.46	-17.1969	-0.216467	101.772
-281.118	-175.226	-16.8975	0.299433	100.976
-281.73	-189.238	-16.1203	0.777183	100.248
-280.294	-202.91	-14.8168	1.30355	99.6396
-276.653	-216.598	-13.7908	1.02598	99.1862
-245.488	-227.092	-12.6179	1.17288	98.8515
-258.153	-236.298	-11.1292	1.48872	98.6441
-264.885	-244.841	-9.41447	1.7147	98.5628
-252.423	-250.967	-7.95857	1.4559	98.5774
-258.169	-256.424	-6.70895	1.24962	98.6845
-257.643	-261.176	-5.44492	1.26403	98.8505
-258.828	-265.481	-4.83788	0.607033	99.0773
-251.664	-266.241	-3.27222	1.56567	99.2761
-253.452	-266.197	-1.67373	1.59848	99.4713
-252.487	-265.702	-0.0737667	1.59997	99.7037
-253.62	-264.666	0.525017	0.598783	100.029
-242.312	-263.011	1.0622	0.537183	100.52
-252.112	-261.704	1.33282	0.270617	101.224
-252.373	-260.048	1.5392	0.206383	102.083
-250.777	-260.227	0.92795	-0.61125	103.117
-252.138	-258.816	0.962633	0.0346833	104.245
-247.267	-257.123	0.975017	0.0123833	105.457
-243.558	-255.215	1.6707	0.695683	106.697
-242.565	-253.328	1.8292	0.1585	107.909
-252.195	-252.105	1.67265	-0.15655	109.047
-244.254	-252.044	1.05702	-0.615633	110.062
-245.46	-251.409	0.63975	-0.417267	110.872
-245.377	-250.434	0.55725	-0.0825	111.391
-246.868	-250.156	0.629267	0.0720167	111.553
-244.327	-249.464	0.648417	0.01915	111.257
-244.174	-248.79	0.547767	-0.10065	110.399
-244.611	-248.08	0.692133	0.144367	108.903
-252.652	-248.129	0.444967	-0.247167	106.766
-237.658	-247.339	0.483717	0.03875	103.936
-256.363	-247.533	0.182167	-0.30155	100.449
-220.084	-245.856	0.757567	0.5754	96.3042
-220.768	-244.779	0.8534	0.0958333	91.6977
-259.556	-245.151	0.793933	-0.0594667	86.7939
-255.706	-245.318	0.17945	-0.614483	81.6154
-255.656	-245.562	-0.260933	-0.440383	76.1961
-255.507	-245.73	-0.193017	0.0679167	70.5544
-259.993	-246.367	-0.349567	-0.15655	64.6972
-260.003	-247.189	-0.542333	-0.192767	58.804
-261.275	-248.124	-0.798017	-0.255683	52.94
-263.903	-248.71	-0.78105	0.0169667	47.1484
-264.499	-249.722	-0.844383	-0.0633333	41.5005
-260.318	-250.465	-0.780183	0.0642	36.0214
-259.681	-251.18	-0.82345	-0.0432667	30.8065
-259.014	-251.787	-0.688467	0.134983	25.9694
-259.713	-252.557	-0.697267	-0.0088	21.4696
-258.81	-253.289	-0.7028	-0.00553333	17.5096
-259.391	-254.027	-0.7467	-0.0439	14.1574
-249.688	-253.879	-0.440867	0.305833	11.2947
-259.02	-254.947	-0.552967	-0.1121	9.04579
-259.007	-255.08	-0.3507	0.202267	7.56584
-259.923	-257.072	-1.06408	-0.713383	6.68985
-260.266	-259.046	-1.36635	-0.302267	6.31551
-248.999	-258.519	-1.14633	0.220017	6.24115
-259.046	-258.686	-0.538017	0.608317	6.2714
-263.525	-259.079	-0.0108667	0.52715	6.30557
-260.454	-259.326	-0.269267	-0.2584	6.26709
-260.918	-259.373	-0.229017	0.04025	6.09325
-252.182	-258.982	0.0324833	0.2615	5.87211
-258.702	-258.853	0.157817	0.125333	5.63801
-255.388	-258.427	0.31515	0.157333	5.40458
-247.996	-257.602	0.45985	0.1447	5.18932
-235.657	-256.369	0.827983	0.368133	5.0132
-206.559	-253.713	1.57143	0.74345	4.85354
-180.441	-249.784	2.60593	1.0345	4.75445
-124.396	-243.018	4.4502	1.84427	4.80486
-77.755	-233.966	6.58242	2.13222	5.34463
-29.783	-222.485	9.09967	2.51725	6.67104
-83.353	-214.169	9.61663	0.516967	8.39884
-73.577	-204.896	9.68977	0.0731333	10.5042
-62.083	-195.05	9.14503	-0.544733	12.9401
-46.448	-184.376	9.9307	0.785667	15.6949
106.758	-166.025	12.957	3.02635	19.3147
105.54	-148.298	15.584	2.62692	23.5626
112.19	-129.736	18.2133	2.62935	28.3653
93.604	-111.88	18.0484	-0.164917	33.5615
78.744	-94.9201	17.7927	-0.255683	39.0201
-17.311	-82.7397	15.6656	-2.12715	44.3827
-48.081	-72.5347	13.1151	-2.55047	49.5634
-29.374	-61.0683	11.2839	-1.83117	54.6949
-36.766	-50.1372	10.8675	-0.416417	59.7543
-55.052	-40.49	10.6816	-0.18595	64.7026
-64.563	-31.9353	9.711	-0.970567	69.499
91.328	-17.041	11.0321	1.32108	74.4713
22.253	-6.90625	11.1946	0.1625	79.3549
5.912	-0.39085	10.5148	-0.679767	83.9825
-31.331	1.93035	6.32377	-4.19105	88.1954
-44.961	1.17145	2.69257	-3.6312	91.9103
-66.829	1.99765	0.796167	-1.8964	95.2446
-99.84	0.6845	-0.415283	-1.21145	98.1523
-131.62	-2.79235	-1.32127	-0.905983	100.603
-151.044	-8.02215	-3.33993	-2.01867	102.579
-187.358	-22.728	-7.80415	-4.46422	103.864
-205.54	-38.2819	-11.8299	-4.02572	104.541
-174.487	-52.6158	-14.8646	-3.03468	104.73
-186.45	-66.6185	-14.6302	0.234367	104.508
-228.018	-81.9566	-14.5582	0.0719667	103.92
-233.175	-92.7498	-13.378	1.18022	103.08
-235.607	-102.126	-11.8359	1.54213	102.053
-237.478	-112.531	-10.1916	1.6443	100.835
-238.476	-122.617	-9.95567	0.2359	99.4796
-241.431	-131.936	-9.93655	0.0191167	97.972
-239.477	-140.681	-9.38338	0.553167	96.3329
-239.462	-157.221	-11.5347	-2.15133	94.6896
-243.945	-170.531	-12.865	-1.33032	93.0726
-241.049	-182.879	-14.0658	-1.20078	91.5185
-240.133	-193.319	-12.0327	2.03313	90.0516
-239.84	-203.063	-10.844	1.18865	88.7033
-246.119	-212.027	-9.71618	1.12785	87.5061
-243.586	-219.215	-8.63192	1.08427	86.4423
-238.652	-224.566	-7.1678	1.46412	85.4976
-244.72	-229.25	-5.7409	1.4269	84.6815
-276.14	-233.689	-4.82483	0.916067	84.0116
-276.358	-237.23	-4.22127	0.603567	83.518
-241.422	-240.577	-3.77558	0.445683	83.2411
-236.653	-243.087	-3.1326	0.642983	83.2432
-229.936	-243.183	-1.98427	1.14833	83.5058
-272.077	-245.128	-1.51705	0.467217	84.12
-276.817	-247.189	-1.36717	0.149883	84.9792
-234.06	-247.018	-1.27823	0.0889333	86.0092
-166.092	-243.398	0.576533	1.85477	87.0917
-172.134	-239.934	2.41832	1.84178	88.2171
-189.894	-237.454	3.18773	0.769417	89.4569
-192.201	-235.091	2.76902	-0.418717	90.7183
-184.391	-232.114	2.60663	-0.162383	91.9025
-182.35	-229.179	2.75857	0.151933	92.9234
-183.286	-226.336	2.91833	0.159767	93.7071
-271.364	-227.913	1.40037	-1.51797	94.3174
-253.888	-228.301	0.292567	-1.1078	94.7077
-230.381	-227.641	-0.4348	-0.727367	94.7975
-225.561	-226.986	0.308783	0.743583	94.5482
-245.55	-227.028	0.424433	0.11565	93.9501
-215.407	-223.991	1.21657	0.792133	92.9351
-218.842	-221.115	1.95698	0.740417	91.2716
-251.825	-221.635	1.79743	-0.15955	89.0552
-245.937	-222.1	0.630483	-1.16695	86.3286
-253.31	-223.268	-0.717683	-1.34817	83.1952
-253.748	-222.352	-0.238817	0.478867	79.7082
-245.384	-220.78	0.4398	0.678617	75.7415
-247.647	-221.46	0.602917	0.163117	71.3529
-252.939	-225.802	-1.15002	-1.75293	66.6209
-228.672	-228.629	-2.6162	-1.46618	61.5539
-206.737	-229.471	-2.67047	-0.0542667	56.6497
-229.735	-231.348	-1.84858	0.821883	52.0026
-242.924	-234.274	-1.88183	-0.03325	47.5886
-240.63	-237.188	-2.57245	-0.690617	43.4233
-213.417	-238.695	-2.44907	0.123383	39.6172
-229.152	-236.584	-0.769983	1.67908	35.877
-217.201	-234.75	0.8128	1.58278	32.1271
-184.917	-232.477	2.07272	1.25992	28.4412
-171.632	-229.78	2.268	0.195283	24.8103
-191.508	-227.078	2.55725	0.28925	21.1844
-209.961	-226.806	1.89028	-0.666967	17.4975
-260.028	-228.865	0.305033	-1.58525	14.4795
-259.967	-229.272	-0.731367	-1.0364	11.9825
-241.888	-229.07	-0.75465	-0.0232833	10.0451
-215.984	-227.204	0.553883	1.30853	8.62107
-222.882	-225.66	1.20402	0.650133	7.73251
-220.756	-224.429	1.547	0.342983	7.31856
-175.937	-220.843	2.12007	0.573067	7.26989
-190.889	-217.741	2.6398	0.519733	7.45022
-186.36	-215.625	2.93453	0.294733	7.74553
-184.415	-214.509	2.1114	-0.823133	8.04885
-221.502	-214.097	1.21445	-0.89695	8.28991
-166.643	-210.283	1.7806	0.56615	8.57417
-192.838	-207.894	2.2051	0.4245	8.83621
-170.602	-205.753	2.78147	0.576367	9.13095
-177.099	-203.15	2.37767	-0.4038	9.40915
-173.23	-200.952	2.31398	-0.0636833	9.62857
-180.606	-200.736	1.67225	-0.641733	9.77424
-175.689	-200.939	0.737083	-0.935167	9.9761
-174.632	-200.095	0.2855	-0.451583	10.2657
-194.932	-199.344	0.464133	0.178633	10.5956
-189.856	-195.835	1.70128	1.23715	11.0793
-190.735	-192.374	2.57388	0.8726	11.7144
-184.121	-189.485	3.28618	0.7123	12.4518
-188.225	-188.097	2.5793	-0.706883	13.2007
-199.35	-186.921	1.81763	-0.761667	13.9005
-193.726	-185.569	1.30535	-0.512283	14.5736
-168.784	-185.212	0.961917	-0.343433	15.1933
-172.859	-184.31	0.870217	-0.0917	15.7881
-172.859	-183.635	0.644733	-0.225483	16.342
